年,季,公司代號,公司簡稱,簽證會計師事務所名稱,簽證會計師,簽證會計師,核閱或查核日期,核閱或查核報告類型
2017,3,1101,台泥,勤業眾信聯合會計師事務所,翁雅玲,邵志明,2017-11-10,保留(附加其他事項說明段)-非重要子公司或採用權益法之投資未經會計師查核或核閱
2017,3,1102,亞泥,勤業眾信聯合會計師事務所,郭俐雯,范有偉,2017-11-08,保留式核閱報告-非重要子公司或採用權益法之投資未經會計師查核或核閱
2017,3,1103,嘉泥,勤業眾信聯合會計師事務所,虞成全,張耿禧,2017-11-09,保留式核閱報告-非重要子公司或採用權益法之投資未經會計師查核或核閱
2017,3,1104,環球水泥,勤業眾信聯合會計師事務所,廖鴻儒,楊朝欽,2017-11-10,保留式核閱報告-非重要子公司或採用權益法之投資未經會計師查核或核閱
2017,3,1108,幸福水泥,勤業眾信聯合會計師事務所,會 計 師黃海悅,會 計 師劉永富,2017-11-09,保留式核閱報告-非重要子公司或採用權益法之投資未經會計師查核或核閱
2017,3,1109,信大水泥,資誠聯合會計師事務所,賴宗羲,徐明釧,2017-11-14,保留式核閱報告-非重要子公司或採用權益法之投資未經會計師查核或核閱
2017,3,1110,東泥,國富浩華聯合會計師事務所,蔡淑滿,謝仁耀,2017-11-09,保留式核閱報告-非重要子公司或採用權益法之投資未經會計師查核或核閱
2017,3,1201,味全公司,資誠聯合會計師事務所,蕭金木,張明輝,2017-11-13,保留(附加其他事項說明段)-欲強調某一事項、非重要子公司或採用權益法之投資未經會計師查核或核閱
2017,3,1203,味王公司,大中國際聯合會計師事務所,溫明郁,徐靖賢,2017-11-09,保留式核閱報告-非重要子公司或採用權益法之投資未經會計師查核或核閱
2017,3,1210,大成長城,安侯建業會計師事務所,李逢暉,陳眉芳,2017-08-09,保留式核閱報告-非重要子公司或採用權益法之投資未經會計師查核或核閱
2017,3,1213,大飲,資誠聯合會計師事務所,阮呂曼玉,徐聖忠,2017-11-07,保留(附加其他事項說明段)-採用其他會計師查核(核閱)報告且欲區分責任、非重要子公司或採用權益法之投資未經會計師查核或核閱
2017,3,1215,卜蜂企業,資誠聯合會計師事務所,謝智政,翁世榮,2017-10-30,標準式無保留核閱報告
2017,3,1216,統一,資誠聯合會計師事務所,林姿妤,林永智,2017-11-08,保留式核閱報告-非重要子公司或採用權益法之投資未經會計師查核或核閱
2017,3,1217,愛之味,國富浩華聯合會計師事務所,蔡淑滿,李青霖,2017-11-10,保留式核閱報告-非重要子公司或採用權益法之投資未經會計師查核或核閱
2017,3,1218,泰山企業,安侯建業聯合會計師事務所,池世欽,陳嘉修,2017-11-10,保留(附加其他事項說明段)-採用其他會計師查核(核閱)報告且欲區分責任、非重要子公司或採用權益法之投資未經會計師查核或核閱
2017,3,1219,福壽實業,群智聯合會計師事務所,呂松裕,陳芓?,2017-11-13,保留式核閱報告-非重要子公司或採用權益法之投資未經會計師查核或核閱
2017,3,1220,台榮,立本台灣聯合會計師事務所,柯俊輝,林淑萍,2017-11-08,保留式核閱報告-非重要子公司或採用權益法之投資未經會計師查核或核閱
2017,3,1225,福懋油,勤業眾信聯合會計師事務所,謝建新,陳招美,2017-11-09,保留式核閱報告-非重要子公司或採用權益法之投資未經會計師查核或核閱
2017,3,1227,佳格,勤業眾信聯合會計師事務所,許庭禎,龔則立,2017-11-10,保留式核閱報告-非重要子公司或採用權益法之投資未經會計師查核或核閱
2017,3,1229,聯華實業,安侯建業聯合會計師事務所,楊柳鋒,許淑敏,2017-11-10,保留式核閱報告-非重要子公司或採用權益法之投資未經會計師查核或核閱
2017,3,1231,聯華食品,勤業眾信聯合會計師事務所,張清福,柯志賢,2017-11-08,保留式核閱報告-非重要子公司或採用權益法之投資未經會計師查核或核閱
2017,3,1232,大統益,資誠聯合會計師事務所,林姿妤,林永智,2017-10-26,保留式核閱報告-非重要子公司或採用權益法之投資未經會計師查核或核閱
2017,3,1233,天仁,安永聯合會計師事務所,蕭翠慧,曾祥裕,2017-11-10,保留(附加其他事項說明段)-非重要子公司或採用權益法之投資未經會計師查核或核閱
2017,3,1234,黑松,勤業眾信聯合會計師事務所,李麗凰,陳慧銘,2017-11-08,保留式核閱報告-非重要子公司或採用權益法之投資未經會計師查核或核閱
2017,3,1235,興泰,廣信益群聯合會計師事務所,萬益東,翁子霖,2017-11-11,保留式核閱報告-非重要子公司或採用權益法之投資未經會計師查核或核閱
2017,3,1236,宏亞食品,安永聯合會計師事務所,徐榮煌,張正道,2017-11-09,保留式核閱報告-非重要子公司或採用權益法之投資未經會計師查核或核閱
2017,3,1256,鮮活果汁-KY,勤業眾信聯合會計師事務所,蘇郁琇,李麗凰,2017-11-06,標準式無保留核閱報告
2017,3,1262,綠悅-KY,勤業眾信聯合會計師事務所,江明南,施景彬,2017-11-10,標準式無保留核閱報告
2017,3,1301,台塑,安侯建業聯合會計師事務所,陳秀蘭,于紀隆,2017-11-13,保留式核閱報告-非重要子公司或採用權益法之投資未經會計師查核或核閱
2017,3,1303,南亞塑膠,安侯建業聯合會計師事務所,郭欣頤,于紀隆,2017-11-10,保留式核閱報告-非重要子公司或採用權益法之投資未經會計師查核或核閱
2017,3,1304,台聚,勤業眾信聯合會計師事務所,郭慈容,吳世宗,2017-11-09,保留式核閱報告-非重要子公司或採用權益法之投資未經會計師查核或核閱
2017,3,1305,華夏,勤業眾信聯合會計師事務所,吳世宗,郭慈容,2017-11-09,保留式核閱報告-非重要子公司或採用權益法之投資未經會計師查核或核閱
2017,3,1307,三芳化工,勤業眾信聯合會計師事務所,吳秋燕,陳珍麗,2017-11-09,保留式核閱報告-非重要子公司或採用權益法之投資未經會計師查核或核閱
2017,3,1308,亞聚,勤業眾信聯合會計師事務所,黃秀椿,吳世宗,2017-11-09,保留式核閱報告-非重要子公司或採用權益法之投資未經會計師查核或核閱
2017,3,1309,台達化工,勤業眾信聯合會計師事務所,吳世宗,郭慈容,2017-11-09,保留式核閱報告-非重要子公司或採用權益法之投資未經會計師查核或核閱
2017,3,1310,台苯,正風聯合會計師事務所,周銀來,吳欣亮,2017-11-13,保留式核閱報告-非重要子公司或採用權益法之投資未經會計師查核或核閱
2017,3,1312,國喬石化,國富浩華聯合會計師事務所,蕭英嘉,王戊昌,2017-11-09,保留式核閱報告-非重要子公司或採用權益法之投資未經會計師查核或核閱
2017,3,1313,聯成,勤業眾信聯合會計師事務所,郭文吉,劉建良,2017-11-10,保留式核閱報告-非重要子公司或採用權益法之投資未經會計師查核或核閱
2017,3,1314,中石化,安侯建業聯合會計師事務所,陳俊光,鍾丹丹,2017-11-10,保留式核閱報告-非重要子公司或採用權益法之投資未經會計師查核或核閱
2017,3,1315,達新工業,國富浩華聯合會計師事務所,張福郎,王戊昌,2017-11-10,保留式核閱報告-非重要子公司或採用權益法之投資未經會計師查核或核閱
2017,3,1316,上曜,安侯建業聯合會計師事務所,陳國宗,陳惠媛,2017-11-07,保留式核閱報告-非重要子公司或採用權益法之投資未經會計師查核或核閱
2017,3,1319,東陽,安永聯合會計師事務所,胡子仁,黃世杰,2017-11-09,保留式核閱報告-非重要子公司或採用權益法之投資未經會計師查核或核閱
2017,3,1321,大洋,安侯建業聯合會計師事務所,余 聖 河,李 慈 慧,2017-11-06,保留(附加其他事項說明段)-採用其他會計師查核(核閱)報告且欲區分責任、其他
2017,3,1323,永裕,資誠聯合會計師事務所,劉子猛,林姿妤,2017-10-31,保留式核閱報告-非重要子公司或採用權益法之投資未經會計師查核或核閱
2017,3,1324,地球工業,安永聯合會計師事務所,張志銘,徐榮煌,2016-11-09,標準式無保留核閱報告
2017,3,1325,恒大,勤業眾信聯合會計師事務所,姚勝雄,劉江抱,2017-11-13,標準式無保留核閱報告
2017,3,1326,台化,資誠聯合會計師事務所,周建宏,阮呂曼玉,2017-11-09,保留式核閱報告-非重要子公司或採用權益法之投資未經會計師查核或核閱
2017,3,1337,再生-KY,勤業眾信聯合會計師事務所,許瑞軒,江佳玲,2017-11-08,標準式無保留核閱報告
2017,3,1338,廣華-KY,安侯建業聯合會計師事務所,陳宜君,林琬琬,2017-11-06,保留式核閱報告-非重要子公司或採用權益法之投資未經會計師查核或核閱
2017,3,1339,昭輝,勤業眾信聯合會計師事務所,吳麗冬,曾棟鋆,2017-11-07,保留式核閱報告-非重要子公司或採用權益法之投資未經會計師查核或核閱
2017,3,1340,勝悅-KY,勤業眾信聯合會計師事務所,葉淑娟,吳恪昌,2017-11-09,標準式無保留核閱報告
2017,3,1402,遠東新,勤業眾信聯合會計師事務所,施景彬,郭政弘,2017-11-09,保留式核閱報告-非重要子公司或採用權益法之投資未經會計師查核或核閱
2017,3,1409,新纖,勤業眾信聯合會計師事務所,王錦燕,施錦川,2017-11-10,保留式核閱報告-非重要子公司或採用權益法之投資未經會計師查核或核閱
2017,3,1410,南染,資誠聯合會計師事務所,徐聖忠,馮敏娟,2017-11-09,標準式無保留核閱報告
2017,3,1413,宏洲纖維,安侯建業聯合會計師事務所,連淑凌,池世欽,2017-11-03,標準式無保留核閱報告
2017,3,1414,東和,勤業眾信聯合會計師事務所,趙永祥,鄭欽宗,2017-11-07,標準式無保留核閱報告
2017,3,1416,廣豐,國富浩華聯合會計師事務所,高佩,林志隆,2017-11-13,保留式核閱報告-非重要子公司或採用權益法之投資未經會計師查核或核閱
2017,3,1417,嘉裕,勤業眾信聯合會計師事務所,許秀明,邵志明,2017-11-08,保留式核閱報告-非重要子公司或採用權益法之投資未經會計師查核或核閱
2017,3,1418,東華,勤業眾信聯合會計師事務所,陳招美,何瑞軒,2017-11-07,修正式無保留核閱報告-繼續經營能力存在重大不確定性/繼續經營假設存有重大疑慮、欲強調某一事項
2017,3,1419,新紡,勤業眾信聯合會計師事務所,陳慧銘,池瑞全,2017-11-09,標準式無保留核閱報告
2017,3,1423,利華羊毛,安永聯合會計師事務所,曾祥裕,許新民,2017-11-09,保留(附加其他事項說明段)-非重要子公司或採用權益法之投資未經會計師查核或核閱
2017,3,1432,大魯閣實業,資誠聯合會計師事務所,王方瑜,蕭金木,2017-11-10,保留式核閱報告-非重要子公司或採用權益法之投資未經會計師查核或核閱、其他
2017,3,1434,福懋興業,資誠聯合會計師事務所,周建宏,阮呂曼玉,2017-11-09,保留式核閱報告-非重要子公司或採用權益法之投資未經會計師查核或核閱
2017,3,1435,中福國際,勤業眾信聯合會計師事務所,姚勝雄,陳昭伶,2017-11-03,標準式無保留核閱報告
2017,3,1436,華友聯,勤業眾信聯合會計師事務所,劉裕祥,郭麗園,2017-11-10,保留式核閱報告-非重要子公司或採用權益法之投資未經會計師查核或核閱
2017,3,1437,勤益投控,安侯建業聯合會計師事務所,呂莉莉,俞安恬,2017-11-03,保留式核閱報告-非重要子公司或採用權益法之投資未經會計師查核或核閱
2017,3,1438,裕豐,安泰聯合會計師事務所,潘自新,蔡聰慧,2017-11-08,無保留意見
2017,3,1439,中和羊毛,安永聯合會計師事務所,徐榮煌,黃建澤,2017-11-08,標準式無保留核閱報告
2017,3,1440,南紡,資誠聯合會計師事務所,林姿妤,劉子猛,2017-11-09,保留式核閱報告-非重要子公司或採用權益法之投資未經會計師查核或核閱
2017,3,1441,大東紡織,資誠聯合會計師事務所,周建宏,徐聖忠,2017-11-08,標準式無保留核閱報告
2017,3,1442,名軒,惠眾聯合會計師事務所,項文婷,林欣如,2017-11-10,保留式核閱報告-非重要子公司或採用權益法之投資未經會計師查核或核閱
2017,3,1443,立益紡織,國富浩華聯合會計師事務所,邱繼盛,陳桂美,2017-11-06,保留式核閱報告-非重要子公司或採用權益法之投資未經會計師查核或核閱
2017,3,1444,力麗,勤業眾信聯合會計師事務所,余鴻賓,邱明玉,2017-11-03,保留式核閱報告-非重要子公司或採用權益法之投資未經會計師查核或核閱
2017,3,1445,大宇紡織,勤業眾信聯合會計師事務所,簡明彥,郭慈容,2017-11-08,標準式無保留核閱報告
2017,3,1446,宏和,安永聯合會計師事務所,黃世杰,胡子仁,2017-11-07,保留式核閱報告-非重要子公司或採用權益法之投資未經會計師查核或核閱
2017,3,1447,力鵬,勤業眾信聯合會計師事務所,邱明玉,余鴻賓,2017-11-03,保留式核閱報告-非重要子公司或採用權益法之投資未經會計師查核或核閱
2017,3,1449,佳和實業,安侯建業聯合會計師事務所,陳惠媛,陳國宗,2017-09-30,保留(附加其他事項說明段)-採用其他會計師查核(核閱)報告且欲區分責任、非重要子公司或採用權益法之投資未經會計師查核或核閱
2017,3,1451,年興紡織,勤業眾信聯合會計師事務所,江明南,葉淑娟,2017-11-02,保留式核閱報告-非重要子公司或採用權益法之投資未經會計師查核或核閱
2017,3,1452,宏益,立本台灣聯合會計師事務所,陳玉芳,陳怡琳,2017-10-30,標準式無保留核閱報告
2017,3,1453,大將,勤業眾信聯合會計師事務所,楊靜婷,楊清鎮,2017-11-08,保留式核閱報告-非重要子公司或採用權益法之投資未經會計師查核或核閱
2017,3,1454,台富,勤業眾信聯合會計師事務所,游素環,翁博仁,2017-11-08,保留式核閱報告-非重要子公司或採用權益法之投資未經會計師查核或核閱
2017,3,1455,集盛,國富浩華聯合會計師事務所,蕭英嘉,林美玲,2017-11-06,保留式核閱報告-非重要子公司或採用權益法之投資未經會計師查核或核閱
2017,3,1456,怡華,安侯建業聯合會計師事務所,張淑瑩,林琇宜,2017-11-03,標準式無保留核閱報告
2017,3,1457,宜進,安侯建業聯合會計師事務所,連淑凌,池世欽,2017-11-07,保留式核閱報告-非重要子公司或採用權益法之投資未經會計師查核或核閱
2017,3,1459,聯發紡織,勤業眾信聯合會計師事務所,黃海悅,劉永富,2017-11-07,標準式無保留核閱報告
2017,3,1460,宏遠,勤業眾信聯合會計師事務所,王燕景,李季珍,2017-11-10,修正式無保留核閱報告-採用其他會計師查核(核閱)報告且欲區分責任
2017,3,1463,強盛染整,安侯建業聯合會計師事務所,黃泳華,陳振乾,2017-11-07,保留式核閱報告-非重要子公司或採用權益法之投資未經會計師查核或核閱
2017,3,1464,得力實業,勤業眾信聯合會計師事務所,楊朝欽,王燕景,2017-11-06,修正式無保留核閱報告-採用其他會計師查核(核閱)報告且欲區分責任
2017,3,1465,偉全實業,立本台灣聯合會計師事務所,劉克宜,許坤錫,2017-11-09,標準式無保留核閱報告
2017,3,1466,聚隆,建智聯合會計師事務所,廖年傑,曹永仁,2017-11-07,保留式核閱報告-非重要子公司或採用權益法之投資未經會計師查核或核閱
2017,3,1467,南緯實業,安 侯 建 業 聯 合 會 計 師 事 務 所,簡蒂暖,池世欽,2017-11-09,保留式核閱報告-非重要子公司或採用權益法之投資未經會計師查核或核閱
2017,3,1468,昶和纖維,勤業眾信聯合會計師事務所,許庭禎,楊清鎮,2017-11-10,保留式核閱報告-非重要子公司或採用權益法之投資未經會計師查核或核閱
2017,3,1470,大統染,勤業眾信聯合會計師事務所,謝建新,何瑞軒,2017-11-08,標準式無保留核閱報告
2017,3,1471,首利,資誠聯合會計師事務所,徐聖忠,吳漢期,2017-11-13,標準式無保留核閱報告
2017,3,1472,三洋紡,勤業眾信聯合會計師事務所,黃海悅,謝建新,2017-11-10,標準式無保留核閱報告
2017,3,1473,台南企業,資誠聯合會計師事務所,劉子猛,林姿妤,2017-11-09,保留式核閱報告-非重要子公司或採用權益法之投資未經會計師查核或核閱
2017,3,1474,弘裕,資誠聯合會計師事務所,洪淑華,徐建業,2017-11-09,保留式核閱報告-非重要子公司或採用權益法之投資未經會計師查核或核閱
2017,3,1475,本盟光電,資誠聯合會計師事務所,游淑芬,張淑瓊,2017-11-09,保留式核閱報告-非重要子公司或採用權益法之投資未經會計師查核或核閱
2017,3,1476,儒鴻,安侯建業聯合會計師事務所,郭欣頤,陳秀蘭,2017-11-07,保留(附加其他事項說明段)-非重要子公司或採用權益法之投資未經會計師查核或核閱
2017,3,1477,聚陽實業,安侯建業聯合會計師事務所,陳蓓琪,于紀隆,2017-11-09,保留(附加其他事項說明段)-非重要子公司或採用權益法之投資未經會計師查核或核閱
2017,3,1503,士電,勤業眾信聯合會計師事務所,許庭禎,陳致源,2017-11-09,保留(附加其他事項說明段)-非重要子公司或採用權益法之投資未經會計師查核或核閱
2017,3,1504,東元電機,資誠聯合會計師事務所,吳郁隆,周建宏,2017-11-13,保留(附加其他事項說明段)-非重要子公司或採用權益法之投資未經會計師查核或核閱
2017,3,1506,正道,勤業眾信聯合會計師事務所,鄭欽宗,趙永祥,2017-11-06,保留式核閱報告-非重要子公司或採用權益法之投資未經會計師查核或核閱
2017,3,1507,永大機電,建昇財稅聯合會計師事務所,陳仁基,陳秀莉,2017-11-09,保留式核閱報告-非重要子公司或採用權益法之投資未經會計師查核或核閱
2017,3,1512,瑞利,勤業眾信聯合會計師事務所,吳秋燕,龔俊吉,2017-11-10,保留式核閱報告-非重要子公司或採用權益法之投資未經會計師查核或核閱、其他
2017,3,1513,中興電,國富浩華聯合會計師事務所,林春枝,吳孟達,2017-11-13,保留式核閱報告-非重要子公司或採用權益法之投資未經會計師查核或核閱
2017,3,1514,亞力電機,惠眾聯合會計師事務所,洪佑伶,卓敏枝,2017-11-10,保留(附加其他事項說明段)-非重要子公司或採用權益法之投資未經會計師查核或核閱
2017,3,1515,力山,安侯建業聯合會計師事務所,郭士華,陳君滿,2017-11-07,保留式核閱報告-非重要子公司或採用權益法之投資未經會計師查核或核閱
2017,3,1516,川飛,安永聯合會計師事務所,羅筱靖,黃益輝,2017-11-09,標準式無保留核閱報告
2017,3,1517,利奇機械,勤業眾信聯合會計師事務所,成德潤,吳麗冬,2017-11-08,保留式核閱報告-非重要子公司或採用權益法之投資未經會計師查核或核閱
2017,3,1519,華城電機,勤業眾信聯合會計師事務所,楊靜婷,龔則立,2017-11-06,保留式核閱報告-非重要子公司或採用權益法之投資未經會計師查核或核閱
2017,3,1521,大億,勤業眾信聯合會計師事務所,廖鴻儒,李季珍,2017-11-13,標準式無保留核閱報告
2017,3,1522,堤維西,安永聯合會計師事務所,胡子仁,黃世杰,2017-11-09,保留式核閱報告-非重要子公司或採用權益法之投資未經會計師查核或核閱
2017,3,1524,耿鼎企業,正風聯合會計師事務所,賴永吉,鄭憲修,2017-11-07,保留式核閱報告-非重要子公司或採用權益法之投資未經會計師查核或核閱
2017,3,1525,江申工業,勤業眾信聯合會計師事務所,許秀明,林淑婉,2017-11-01,保留式核閱報告-非重要子公司或採用權益法之投資未經會計師查核或核閱
2017,3,1526,日馳,調和聯合會計師事務所,郭鎮宇,莊淑媛,2017-11-10,標準式無保留核閱報告
2017,3,1527,鑽全,安侯建業聯合會計師事務所,張字信,曾渼鈺,2017-11-07,標準式無保留核閱報告
2017,3,1528,恩德,勤業眾信聯合會計師事務所,范有偉,林文欽,2017-11-09,保留式核閱報告-非重要子公司或採用權益法之投資未經會計師查核或核閱
2017,3,1529,樂士,勤業眾信聯合會計師事務所,李季珍,廖鴻儒,2017-11-08,修正式無保留核閱報告-前期由其他會計師查核
2017,3,1530,亞崴機電,建智聯合會計師事務所,陳貴端,陳宇頌,2017-11-08,保留式核閱報告-非重要子公司或採用權益法之投資未經會計師查核或核閱
2017,3,1531,高林股,勤業眾信聯合會計師事務所,林安惠,張清福,2017-11-10,標準式無保留核閱報告
2017,3,1532,勤美,安侯建業聯合會計師事務所,簡蒂暖,池世欽,2017-11-13,保留式核閱報告-非重要子公司或採用權益法之投資未經會計師查核或核閱
2017,3,1533,車王電,資誠聯合會計師事務所,徐建業,王玉娟,2017-11-08,保留式核閱報告-非重要子公司或採用權益法之投資未經會計師查核或核閱
2017,3,1535,中宇,勤業眾信聯合會計師事務所,劉裕祥,許瑞軒,2017-11-06,標準式無保留核閱報告
2017,3,1536,和大工業,資誠聯合會計師事務所,徐建業,洪淑華,2017-11-10,保留式核閱報告-非重要子公司或採用權益法之投資未經會計師查核或核閱
2017,3,1537,廣隆光電,資誠聯合會計師事務所,徐建業,王玉娟,2017-11-06,保留式核閱報告-非重要子公司或採用權益法之投資未經會計師查核或核閱
2017,3,1538,正峰新,安侯建業聯合會計師事務所,郭欣頤,陳秀蘭,2017-11-07,修正式無保留核閱報告-欲強調某一事項
2017,3,1539,巨庭機械,國富浩華聯合會計師事務所,黃素絹,楊貞瑜,2017-11-10,保留式核閱報告-非重要子公司或採用權益法之投資未經會計師查核或核閱
2017,3,1540,喬福機械,資誠聯合會計師事務所,徐建業,王玉娟,2017-11-10,標準式無保留核閱報告
2017,3,1541,錩泰,安 永 聯 合 會 計 師 事 務 所,涂清淵,嚴文筆,2017-11-06,標準式無保留核閱報告
2017,3,1558,伸興,安永聯合會計師事務所,嚴文筆,涂清淵,2017-11-13,保留式核閱報告-非重要子公司或採用權益法之投資未經會計師查核或核閱
2017,3,1560,中砂,勤業眾信聯合會計師事務所,張清福,蔡振財,2017-10-26,標準式無保留核閱報告
2017,3,1568,倉佑,勤業眾信聯合會計師事務所,陳珍麗,吳秋燕,2017-11-10,標準式無保留核閱報告
2017,3,1582,信錦,勤業眾信聯合會計師事務所,李東峰,張敬人,2017-11-08,保留式核閱報告-非重要子公司或採用權益法之投資未經會計師查核或核閱
2017,3,1583,程泰,國富浩華聯合會計師事務所,黃勝義,林汀?,2017-11-08,保留式核閱報告-非重要子公司或採用權益法之投資未經會計師查核或核閱
2017,3,1587,吉茂,資誠聯合會計師事務所,王玉娟,洪淑華,2017-11-08,標準式無保留核閱報告
2017,3,1589,永冠-KY,勤業眾信聯合會計師事務所,李東峰,龔則立,2017-11-07,標準式無保留核閱報告
2017,3,1590,亞德客-KY,勤業眾信聯合會計師事務所,池瑞全,翁博仁,2017-11-03,標準式無保留核閱報告
2017,3,1592,英瑞-KY,勤業眾信聯合會計師事務所,廖鴻儒,許瑞軒,2017-11-13,標準式無保留核閱報告
2017,3,1598,岱宇國際,勤業眾信聯合會計師事務所,廖婉怡,張耿禧,2017-11-10,標準式無保留核閱報告
2017,3,1603,華電,勤業眾信聯合會計師事務所,張瑞娜,周以隆,2017-11-14,保留(附加其他事項說明段)-非重要子公司或採用權益法之投資未經會計師查核或核閱
2017,3,1604,聲寶,勤業眾信聯合會計師事務所,蘇郁琇,林宜慧,2017-11-10,保留式核閱報告-非重要子公司或採用權益法之投資未經會計師查核或核閱
2017,3,1605,華新,勤業眾信聯合會計師事務所,邱明玉,余鴻賓,2017-11-02,修正式無保留核閱報告-採用其他會計師查核(核閱)報告且欲區分責任
2017,3,1608,華榮,安侯建業聯合會計師事務所,許振隆,楊博任,2017-11-06,保留式核閱報告-非重要子公司或採用權益法之投資未經會計師查核或核閱
2017,3,1609,大亞電線,群智聯合會計師事務所,呂松裕,呂亞哲,2017-11-07,保留式核閱報告-非重要子公司或採用權益法之投資未經會計師查核或核閱
2017,3,1611,中電,勤業眾信聯合會計師事務所,鄭旭然,陳麗琦,2017-11-10,保留(附加其他事項說明段)-欲強調某一事項、非重要子公司或採用權益法之投資未經會計師查核或核閱
2017,3,1612,宏泰,安永聯合會計師事務所,徐榮煌,謝勝安,2017-11-03,保留式核閱報告-非重要子公司或採用權益法之投資未經會計師查核或核閱
2017,3,1614,三洋電,資誠聯合會計師事務所,杜佩玲,翁世榮,2017-11-09,保留式核閱報告-非重要子公司或採用權益法之投資未經會計師查核或核閱
2017,3,1615,大山,安侯建業聯合會計師事務所,陳盈如,許淑敏,2017-11-09,保留式核閱報告-非重要子公司或採用權益法之投資未經會計師查核或核閱
2017,3,1616,億泰,安侯建業聯合會計師事務所,黃泳華,陳振乾,2017-11-08,保留式核閱報告-非重要子公司或採用權益法之投資未經會計師查核或核閱
2017,3,1617,榮星電線,安 侯 建 業 聯 合 會 計 師 事 務 所,許振隆,楊博任,2017-11-13,保留式核閱報告-非重要子公司或採用權益法之投資未經會計師查核或核閱
2017,3,1618,合機公司,勤業眾信聯合會計師事務所,龔則立,楊靜婷,2017-11-08,保留式核閱報告-非重要子公司或採用權益法之投資未經會計師查核或核閱
2017,3,1626,艾美特-KY,安侯建業聯合會計師事務所,莊鈞維,寇惠植,2017-11-04,標準式無保留核閱報告
2017,3,1701,中化,資誠聯合會計師事務所,林鈞堯,張淑瓊,2017-11-13,保留式核閱報告-非重要子公司或採用權益法之投資未經會計師查核或核閱
2017,3,1702,南僑投控,安侯建業聯合會計師事務所,黃柏淑,俞安恬,2017-11-13,保留式核閱報告-非重要子公司或採用權益法之投資未經會計師查核或核閱
2017,3,1704,榮化,勤業眾信聯合會計師事務所,郭文吉,王儀雯,2017-11-09,保留式核閱報告-非重要子公司或採用權益法之投資未經會計師查核或核閱
2017,3,1707,葡萄王,安永聯合會計師事務所,洪茂益,羅筱靖,2017-11-08,修正式無保留核閱報告-採用其他會計師查核(核閱)報告且欲區分責任
2017,3,1708,東鹼,安侯建業聯合會計師事務所,黃明宏,張嘉信,2017-11-07,標準式無保留核閱報告
2017,3,1709,和益化工,勤業眾信聯合會計師事務所,張敬人,許庭禎,2017-11-13,保留式核閱報告-非重要子公司或採用權益法之投資未經會計師查核或核閱
2017,3,1710,東聯,勤業眾信聯合會計師事務所,范有偉,施景彬,2017-11-07,保留式核閱報告-非重要子公司或採用權益法之投資未經會計師查核或核閱
2017,3,1711,永光化學,安侯建業聯合會計師事務所,呂莉莉,關春修,2017-11-09,保留式核閱報告-非重要子公司或採用權益法之投資未經會計師查核或核閱
2017,3,1712,興農,勤業眾信會計師事務所,蔣淑菁,曾棟鋆,2017-11-10,保留(附加其他事項說明段)-非重要子公司或採用權益法之投資未經會計師查核或核閱
2017,3,1713,國化,安永聯合會計師事務所,楊智惠,林素雯,2017-11-09,標準式無保留核閱報告
2017,3,1714,和桐化學,資誠聯合會計師事務所,賴宗羲,王照明,2017-11-13,保留(附加其他事項說明段)-採用其他會計師查核(核閱)報告且欲區分責任、非重要子公司或採用權益法之投資未經會計師查核或核閱
2017,3,1717,長興材料,勤業眾信聯合會計師事務所,郭麗園,龔俊吉,2017-11-13,保留式核閱報告-非重要子公司或採用權益法之投資未經會計師查核或核閱
2017,3,1718,中纖,勤業眾信聯合會計師事務所,施錦川,王錦燕,2017-11-07,保留式核閱報告-非重要子公司或採用權益法之投資未經會計師查核或核閱
2017,3,1720,生達化學,資誠聯合會計師事務所,林姿妤,劉子猛,2017-11-07,保留式核閱報告-非重要子公司或採用權益法之投資未經會計師查核或核閱
2017,3,1721,三晃,安永聯合會計師事務所,嚴文筆,?清淵,2017-11-08,標準式無保留核閱報告
2017,3,1722,台肥,安侯建業聯合會計師事務所,曾國禓,林恒昇,2017-10-30,保留式核閱報告-非重要子公司或採用權益法之投資未經會計師查核或核閱
2017,3,1723,中碳,勤業眾信聯合會計師事務所,許瑞軒,劉裕祥,2017-11-06,標準式無保留核閱報告
2017,3,1724,台硝,資誠聯合會計師事務所,李燕娜,鄭雅慧,2017-11-07,保留式核閱報告-非重要子公司或採用權益法之投資未經會計師查核或核閱
2017,3,1725,元禎,勤業眾信聯合會計師事務所,張耿禧,虞成全,2017-11-07,保留式核閱報告-非重要子公司或採用權益法之投資未經會計師查核或核閱
2017,3,1726,永記造漆,展立聯合會計師事務所,柯宗立,曾有財,2017-11-10,保留式核閱報告-非重要子公司或採用權益法之投資未經會計師查核或核閱
2017,3,1727,中華化學,大中國際聯合會計師事務所,徐靖賢,高國晟,2017-11-07,保留(附加其他事項說明段)-非重要子公司或採用權益法之投資未經會計師查核或核閱
2017,3,1730,花仙子,國富浩華聯合會計師事務所,林松樹,吳孟達,2017-10-27,標準式無保留核閱報告
2017,3,1731,美吾華,勤業眾信聯合會計師事務所,劉永富,陳招美,2017-11-10,標準式無保留核閱報告
2017,3,1732,毛寶,資誠聯合會計師事務所,馮敏娟,李典易,2017-11-13,標準式無保留核閱報告
2017,3,1733,五鼎,勤業眾信聯合會計師事務所,葉東煇,黃裕峰,2017-11-09,保留式核閱報告-非重要子公司或採用權益法之投資未經會計師查核或核閱
2017,3,1734,杏輝藥品,國 富 浩 華 聯 合 會 計 師 事 務 所,諶清,林金鳳,2017-11-09,保留式核閱報告-非重要子公司或採用權益法之投資未經會計師查核或核閱
2017,3,1735,日勝化,勤業眾信聯合會計師事務所,蔣淑菁,成德潤,2017-11-08,標準式無保留核閱報告
2017,3,1736,喬山健康,安永聯合會計師事務所,涂清淵,林鴻光,2017-11-10,保留式核閱報告-非重要子公司或採用權益法之投資未經會計師查核或核閱
2017,3,1737,臺鹽,安永聯合會計師事務所,黃世杰,胡子仁,2017-11-03,標準式無保留核閱報告
2017,3,1760,寶齡富錦,安侯建業聯合會計師事務所,黃柏淑,俞安恬,2017-11-10,標準式無保留核閱報告
2017,3,1762,中化合成,資誠聯合會計師事務所,游淑芬,張淑瓊,2017-11-13,保留式核閱報告-非重要子公司或採用權益法之投資未經會計師查核或核閱
2017,3,1773,勝一化工,國富浩華聯合會計師事務所,黃   鈴   雯,謝   仁   耀,2017-10-25,保留式核閱報告-非重要子公司或採用權益法之投資未經會計師查核或核閱
2017,3,1776,展宇,勤業眾信聯合會計師事務所,方蘇立,葉東煇,2017-11-13,保留式核閱報告-非重要子公司或採用權益法之投資未經會計師查核或核閱
2017,3,1783,和康生技,勤業眾信聯合會計師事務所,劉書琳,施錦川,2017-11-06,保留式核閱報告-非重要子公司或採用權益法之投資未經會計師查核或核閱
2017,3,1786,科妍,安侯建業聯合會計師事務所,楊博任,陳惠媛,2017-10-26,標準式無保留核閱報告
2017,3,1789,台灣神隆,資誠聯合會計師事務所,林永智,劉子猛,2017-11-03,保留式核閱報告-非重要子公司或採用權益法之投資未經會計師查核或核閱
2017,3,1802,台玻,安永聯合會計師事務所,蕭翠慧,傅文芳,2017-11-10,保留式核閱報告-非重要子公司或採用權益法之投資未經會計師查核或核閱
2017,3,1805,寶徠,安侯建業聯合會計師事務所,張淑瑩,曾國禓,2017-11-07,標準式無保留核閱報告
2017,3,1806,冠軍,安侯建業聯合會計師事務所,曾國禓,賴麗真,2017-11-07,保留式核閱報告-非重要子公司或採用權益法之投資未經會計師查核或核閱
2017,3,1808,潤隆,安侯建業聯合會計師事務所,簡蒂暖,曾國禓,2017-11-13,標準式無保留核閱報告
2017,3,1809,中釉,勤業眾信聯合會計師事務所,楊清鎮,龔則立,2017-11-10,保留(附加其他事項說明段)-採用其他會計師查核(核閱)報告且欲區分責任、非重要子公司或採用權益法之投資未經會計師查核或核閱
2017,3,1810,和成,安 侯 建 業 聯 合 會 計 師 事 務 所,許　淑　敏,江忠儀,2017-11-07,保留式核閱報告-非重要子公司或採用權益法之投資未經會計師查核或核閱
2017,3,1817,凱撒衛浴,勤業眾信聯合會計師事務所,游素環,翁博仁,2017-11-09,標準式無保留核閱報告
2017,3,1902,台紙,安永聯合會計師事務所,黃世杰,傅文芳,2017-11-10,保留(附加其他事項說明段)-非重要子公司或採用權益法之投資未經會計師查核或核閱
2017,3,1903,士紙,惠眾聯合會計師事務所,卓敏枝,項文婷,2017-11-01,標準式無保留核閱報告
2017,3,1904,正隆,安侯建業聯合會計師事務所,吳美萍,黃泳華,2017-11-09,保留式核閱報告-非重要子公司或採用權益法之投資未經會計師查核或核閱
2017,3,1905,華紙,勤業眾信聯合會計師事務所,許秀明,郭政弘,2017-11-13,保留式核閱報告-非重要子公司或採用權益法之投資未經會計師查核或核閱
2017,3,1906,寶隆,立本台灣聯合會計師事務所,王慕凡,張宜鈞,2017-11-08,標準式無保留核閱報告
2017,3,1907,永豐餘,勤業眾信聯合會計師事務所,邵志明,郭政弘,2017-11-13,保留式核閱報告-非重要子公司或採用權益法之投資未經會計師查核或核閱
2017,3,1909,榮成,立本台灣聯合會計師事務所,張宜鈞,陶鴻文,2017-11-13,保留(附加其他事項說明段)-採用其他會計師查核(核閱)報告且欲區分責任
2017,3,2002,中鋼,勤業眾信聯合會計師事務所,郭麗園,郭政弘,2017-11-13,修正式無保留核閱報告-採用其他會計師查核(核閱)報告且欲區分責任
2017,3,2006,東和鋼鐵,安侯建業聯合會計師事務所,寇惠植,郭欣頤,2017-11-13,保留式核閱報告-非重要子公司或採用權益法之投資未經會計師查核或核閱
2017,3,2007,燁興公司,國富浩華聯合會計師事務所,黃  鈴  雯,謝  仁  耀,2017-11-03,保留式核閱報告-非重要子公司或採用權益法之投資未經會計師查核或核閱
2017,3,2008,高興昌,安侯建業聯合會計師事務所,陳國宗,楊博任,2017-11-10,保留式核閱報告-非重要子公司或採用權益法之投資未經會計師查核或核閱
2017,3,2009,第一伸銅,安 侯 建 業 聯 合 會 計 師 事 務 所,楊博任,許振隆,2017-11-02,標準式無保留核閱報告
2017,3,2010,春源鋼鐵,國富浩華聯合會計師事務所,林志隆,林美玲,2017-11-07,保留式核閱報告-非重要子公司或採用權益法之投資未經會計師查核或核閱
2017,3,2012,春雨,資誠聯合會計師事務所,林姿妤,劉子猛,2017-11-08,保留式核閱報告-非重要子公司或採用權益法之投資未經會計師查核或核閱
2017,3,2013,中鋼構,勤業眾信聯合會計師事務所,郭麗園,劉裕祥,2017-11-09,標準式無保留核閱報告
2017,3,2014,中鴻,勤業眾信聯合會計師事務所,許瑞軒,劉裕祥,2017-11-02,標準式無保留核閱報告
2017,3,2015,豐興鋼鐵,安 永 聯 合 會 計 師 事 務 所,涂 清 淵,嚴 文 筆,2017-10-26,保留式核閱報告-非重要子公司或採用權益法之投資未經會計師查核或核閱
2017,3,2017,官田鋼,勤業眾信聯合會計師事務所,王燕景,李季珍,2017-11-10,保留式核閱報告-非重要子公司或採用權益法之投資未經會計師查核或核閱
2017,3,2020,美亞鋼管,國富浩華聯合會計師事務所,張亞荃,吳孟達,2017-11-08,保留式核閱報告-非重要子公司或採用權益法之投資未經會計師查核或核閱
2017,3,2022,聚亨,正風聯合會計師事務所,賴永吉,丁鴻勛,2017-11-13,保留式核閱報告-非重要子公司或採用權益法之投資未經會計師查核或核閱
2017,3,2023,燁輝,國富浩華聯合會計師事務所,黃鈴雯,謝仁耀,2017-11-03,保留式核閱報告-非重要子公司或採用權益法之投資未經會計師查核或核閱
2017,3,2024,志聯工業,安侯建業聯合會計師事務所,尹元聖,陳雅琳,2017-11-07,標準式無保留核閱報告
2017,3,2025,千興,致遠聯合會計師事務所,侯委晉,呂瑞文,2017-11-09,保留(附加其他事項說明段)-繼續經營能力存在重大不確定性/繼續經營假設存有重大疑慮、非重要子公司或採用權益法之投資未經會計師查核或核閱
2017,3,2027,大成鋼,勤業眾信聯合會計師事務所,王燕景,李季珍,2017-11-13,保留式核閱報告-非重要子公司或採用權益法之投資未經會計師查核或核閱
2017,3,2028,威致鋼鐵,國富浩華聯合會計師事務所,蔡  淑  滿,蘇  炳  章,2017-11-06,標準式無保留核閱報告
2017,3,2029,盛餘,勤業眾信聯合會計師事務所,許瑞軒,劉裕祥,2017-11-09,保留式核閱報告-非重要子公司或採用權益法之投資未經會計師查核或核閱
2017,3,2030,彰源,勤業眾信聯合會計師事務所,顏曉芳,吳麗冬,2017-11-07,保留式核閱報告-非重要子公司或採用權益法之投資未經會計師查核或核閱
2017,3,2031,新光鋼,勤業眾信聯合會計師事務所,陳昭伶,劉江抱,2017-11-07,標準式無保留核閱報告
2017,3,2032,新鋼工業,國富浩華聯合會計師事務所,林美玲,陳桂美,2017-11-09,保留式核閱報告-非重要子公司或採用權益法之投資未經會計師查核或核閱
2017,3,2033,佳大世界,南台聯合會計師事務所,丁澤祥會計師,張太元會計師,2017-11-06,保留(附加其他事項說明段)-非重要子公司或採用權益法之投資未經會計師查核或核閱
2017,3,2034,允強,中國財稅聯合會計師事務所,簡紹峰,張維倫,2017-11-03,標準式無保留核閱報告
2017,3,2038,海光企業,勤業眾信聯合會計師事務所,許瑞軒,龔俊吉,2017-11-08,保留式核閱報告-非重要子公司或採用權益法之投資未經會計師查核或核閱
2017,3,2049,上銀科技,勤業眾信聯合會計師事務所,顏曉芳,曾棟鋆,2017-11-03,保留式核閱報告-非重要子公司或採用權益法之投資未經會計師查核或核閱
2017,3,2059,川湖,勤業眾信聯合會計師事務所,吳秋燕,郭麗園,2017-11-07,標準式無保留核閱報告
2017,3,2062,橋椿,勤業眾信聯合會計師事務所,蔣淑菁,成德潤,2017-10-20,標準式無保留核閱報告
2017,3,2069,運錩,勤業眾信聯合會計師事務所,陳珍麗,吳秋燕,2017-11-08,標準式無保留核閱報告
2017,3,2101,南港輪胎,正風聯合會計師事務所,周銀來,曾國富,2017-11-07,標準式無保留核閱報告
2017,3,2102,泰豐輪胎,資誠聯合會計師事務所,翁世榮,林鈞堯,2017-11-10,修正式無保留核閱報告-欲強調某一事項
2017,3,2103,台橡,安侯建業聯合會計師事務所,黃柏淑,俞安恬,2017-11-13,保留式核閱報告-非重要子公司或採用權益法之投資未經會計師查核或核閱
2017,3,2104,中橡,勤業眾信聯合會計師事務所,吳美慧,郭政弘,2017-11-10,保留(附加其他事項說明段)-採用其他會計師查核(核閱)報告且欲區分責任、非重要子公司或採用權益法之投資未經會計師查核或核閱
2017,3,2105,正新,資誠聯合會計師事務所,洪淑華,吳德豐,2017-11-09,保留式核閱報告-非重要子公司或採用權益法之投資未經會計師查核或核閱
2017,3,2106,建大,國富浩華聯合會計師事務所,林 明 壽,邵 朝 彬,2017-11-08,保留(附加其他事項說明段)-採用其他會計師查核(核閱)報告且欲區分責任、非重要子公司或採用權益法之投資未經會計師查核或核閱
2017,3,2107,厚生,正風聯合會計師事務所,周銀來,吳欣亮,2017-11-10,保留式核閱報告-非重要子公司或採用權益法之投資未經會計師查核或核閱
2017,3,2108,南帝化工,資誠聯合會計師事務所,劉子猛,林姿妤,2017-11-09,保留式核閱報告-非重要子公司或採用權益法之投資未經會計師查核或核閱
2017,3,2109,華豐橡膠,安侯建業聯合會計師事務所,張　淑　瑩,陳　嘉　修,2017-11-09,保留式核閱報告-非重要子公司或採用權益法之投資未經會計師查核或核閱
2017,3,2114,鑫永銓,資誠聯合會計師事務所,楊明經,王玉娟,2017-11-07,標準式無保留核閱報告
2017,3,2115,六暉-KY,國富浩華聯合會計師事務所,林 明 壽,黃 素 絹,2017-11-08,標準式無保留核閱報告
2017,3,2201,裕隆汽車,勤業眾信聯合會計師事務所,戴信維,范有偉,2017-11-06,保留式核閱報告-非重要子公司或採用權益法之投資未經會計師查核或核閱
2017,3,2204,中華汽車,勤業眾信聯合會計師事務所,邵志明,許秀明,2017-11-06,保留式核閱報告-非重要子公司或採用權益法之投資未經會計師查核或核閱
2017,3,2206,三陽工業,安侯建業聯合會計師事務所,曾國禓,簡蒂暖,2017-11-13,保留式核閱報告-非重要子公司或採用權益法之投資未經會計師查核或核閱
2017,3,2207,和泰汽車,資誠聯合會計師事務所,蕭金木,周建宏,2017-11-10,保留式核閱報告-非重要子公司或採用權益法之投資未經會計師查核或核閱
2017,3,2208,台船公司,資誠聯合會計師事務所,王國華,吳建志,2017-11-03,標準式無保留核閱報告
2017,3,2227,裕隆日產,勤業眾信聯合會計師事務所,廖婉怡,謝建新,2017-11-06,標準式無保留核閱報告
2017,3,2228,劍麟,資誠聯合會計師事務所,杜佩玲,吳漢期,2017-11-03,標準式無保留核閱報告
2017,3,2231,為升,安 侯 建 業 聯 合 會 計 師 事 務 所,郭  士  華,張  字  信,2017-11-08,保留式核閱報告-非重要子公司或採用權益法之投資未經會計師查核或核閱
2017,3,2236,百達-KY,資誠聯合會計師事務所,杜佩玲,梁華玲,2017-11-13,標準式無保留核閱報告
2017,3,2239,英利-KY,資誠聯合會計師事務所,楊明經,徐建業,2017-11-13,保留式核閱報告-非重要子公司或採用權益法之投資未經會計師查核或核閱
2017,3,2243,宏旭-KY,資誠聯合會計師事務所,林一帆,林鈞堯,2017-11-06,標準式無保留核閱報告
2017,3,2301,光寶科技,勤業眾信聯合會計師事務所,柯志賢,張清福,2017-10-30,保留式核閱報告-非重要子公司或採用權益法之投資未經會計師查核或核閱
2017,3,2302,麗正,安侯建業聯合會計師事務所,賴 麗 真,曾 國 禓,2017-11-13,保留式核閱報告-非重要子公司或採用權益法之投資未經會計師查核或核閱
2017,3,2303,聯電,安永聯合會計師事務所,郭紹彬,邱琬茹,2017-10-25,修正式無保留核閱報告-採用其他會計師查核(核閱)報告且欲區分責任
2017,3,2305,全友電腦,安 侯 建 業 聯 合 會 計 師 事 務 所,區耀軍,黃海寧,2017-11-09,保留式核閱報告-非重要子公司或採用權益法之投資未經會計師查核或核閱
2017,3,2308,台達電,資誠聯合會計師事務所,林玉寬,周建宏,2017-10-30,保留(附加其他事項說明段)-採用其他會計師查核(核閱)報告且欲區分責任、非重要子公司或採用權益法之投資未經會計師查核或核閱
2017,3,2312,金寶電子,安永聯合會計師事務所,蕭翠慧,林素雯,2017-11-13,保留(附加其他事項說明段)-採用其他會計師查核(核閱)報告且欲區分責任、非重要子公司或採用權益法之投資未經會計師查核或核閱
2017,3,2313,華通,正風聯合會計師事務所,周銀來,鄭憲修,2017-11-07,標準式無保留核閱報告
2017,3,2314,台揚科技,資誠聯合會計師事務所,林玉寬,李典易,2017-11-10,標準式無保留核閱報告
2017,3,2316,楠梓電,勤業眾信聯合會計師事務所,許瑞軒,龔俊吉,2017-11-07,保留式核閱報告-非重要子公司或採用權益法之投資未經會計師查核或核閱
2017,3,2317,鴻海,資誠聯合會計師事務所,徐永堅,張明輝,2017-11-14,保留式核閱報告-非重要子公司或採用權益法之投資未經會計師查核或核閱
2017,3,2321,東訊,資誠聯合會計師事務所,鄭雅慧,林玉寬,2017-11-08,保留(附加其他事項說明段)-欲強調某一事項、非重要子公司或採用權益法之投資未經會計師查核或核閱
2017,3,2323,中環,資誠聯合會計師事務所,游淑芬,張淑瓊,2017-11-09,保留式核閱報告-其他
2017,3,2324,仁寶電腦,安侯建業聯合會計師事務所,郭冠纓,區耀軍,2017-11-09,保留式核閱報告-非重要子公司或採用權益法之投資未經會計師查核或核閱
2017,3,2327,國巨,勤業眾信聯合會計師事務所,柯志賢,邱盟捷,2017-10-25,保留式核閱報告-非重要子公司或採用權益法之投資未經會計師查核或核閱
2017,3,2328,廣宇,資誠聯合會計師事務所,徐聖忠,徐永堅,2017-11-13,保留式核閱報告-非重要子公司或採用權益法之投資未經會計師查核或核閱
2017,3,2329,華泰電子,安永聯合會計師事務所,李芳文,陳政初,2017-11-10,保留式核閱報告-非重要子公司或採用權益法之投資未經會計師查核或核閱
2017,3,2330,台積電,勤業眾信聯合會計師事務所,高逸欣,黃裕峰,2017-11-14,標準式無保留核閱報告
2017,3,2331,精英,勤業眾信聯合會計師事務所,黃秀椿,吳世宗,2017-11-06,保留式核閱報告-非重要子公司或採用權益法之投資未經會計師查核或核閱
2017,3,2332,友訊科技,安侯建業聯合會計師事務所,周寶蓮,謝秋華,2017-11-06,保留式核閱報告-非重要子公司或採用權益法之投資未經會計師查核或核閱
2017,3,2337,旺宏,勤業眾信聯合會計師事務所,陳明煇,施景彬,2017-10-24,保留式核閱報告-非重要子公司或採用權益法之投資未經會計師查核或核閱
2017,3,2338,光罩,資誠聯合會計師事務所,薛守宏,李典易,2017-11-10,保留式核閱報告-非重要子公司或採用權益法之投資未經會計師查核或核閱
2017,3,2340,光磊,資誠聯合會計師事務所,林玉寬,賴宗羲,2017-11-09,保留式核閱報告-非重要子公司或採用權益法之投資未經會計師查核或核閱
2017,3,2342,茂矽,調和聯合會計師事務所,郭鎮宇,陳光慧,2017-11-08,保留(附加其他事項說明段)-欲強調某一事項、非重要子公司或採用權益法之投資未經會計師查核或核閱
2017,3,2344,華邦電,勤業眾信聯合會計師事務所,吳恪昌,余鴻賓,2017-10-26,標準式無保留核閱報告
2017,3,2345,智邦科技,勤業眾信聯合會計師事務所,林政治,黃裕峰,2017-11-10,保留式核閱報告-非重要子公司或採用權益法之投資未經會計師查核或核閱
2017,3,2347,聯強國際,資誠聯合會計師事務所,葉翠苗,吳郁隆,2017-11-14,保留式核閱報告-非重要子公司或採用權益法之投資未經會計師查核或核閱
2017,3,2348,海悅,勤業眾信聯合會計師事務所,戴信維,范有偉,2017-11-13,保留式核閱報告-非重要子公司或採用權益法之投資未經會計師查核或核閱
2017,3,2349,錸德科技,安永聯合會計師事務所,洪茂益,張志銘,2017-11-09,保留式核閱報告-非重要子公司或採用權益法之投資未經會計師查核或核閱
2017,3,2351,順德,國富浩華聯合會計師事務所,楊貞瑜,邵朝彬,2017-11-03,保留式核閱報告-非重要子公司或採用權益法之投資未經會計師查核或核閱
2017,3,2352,佳世達,安侯建業聯合會計師事務所,唐慈杰,施威銘,2017-11-07,保留式核閱報告-非重要子公司或採用權益法之投資未經會計師查核或核閱
2017,3,2353,宏碁,安侯建業聯合會計師事務所,張惠貞,唐慈杰,2017-11-09,標準式無保留核閱報告
2017,3,2354,鴻準,資誠聯合會計師事務所,徐永堅,徐聖忠,2017-11-13,保留式核閱報告-非重要子公司或採用權益法之投資未經會計師查核或核閱
2017,3,2355,敬鵬,安 侯 建 業 聯 合 會 計 師 事 務 所,呂莉莉,王勇勝,2017-11-13,標準式無保留核閱報告
2017,3,2356,英業達,安侯建業聯合會計師事務所,林琬琬,楊柳鋒,2017-11-10,保留式核閱報告-非重要子公司或採用權益法之投資未經會計師查核或核閱
2017,3,2357,華碩,資誠聯合會計師事務所,周建宏,張明輝,2017-11-10,保留式核閱報告-非重要子公司或採用權益法之投資未經會計師查核或核閱
2017,3,2358,廷鑫,安侯建業聯合會計師事務所,張字信,郭士華,2017-11-10,保留式核閱報告-非重要子公司或採用權益法之投資未經會計師查核或核閱
2017,3,2359,所羅門,資誠聯合會計師事務所,蕭金木,陳憲正,2017-11-13,保留式核閱報告-非重要子公司或採用權益法之投資未經會計師查核或核閱
2017,3,2360,致茂電子,勤業眾信聯合會計師事務所,王儀雯,郭文吉,2017-11-02,保留式核閱報告-非重要子公司或採用權益法之投資未經會計師查核或核閱
2017,3,2362,藍天,資誠聯合會計師事務所,馮敏娟,張明輝,2017-11-14,保留式核閱報告-非重要子公司或採用權益法之投資未經會計師查核或核閱
2017,3,2363,矽統科技,安永聯合會計師事務所,邱琬茹,涂嘉玲,2017-11-01,保留式核閱報告-非重要子公司或採用權益法之投資未經會計師查核或核閱
2017,3,2364,倫飛電腦,安侯建業聯合會計師事務所,尹元聖,王勇勝,2017-11-10,保留式核閱報告-非重要子公司或採用權益法之投資未經會計師查核或核閱
2017,3,2365,昆盈企業,勤業眾信聯合會計師事務所,吳美慧,吳怡君,2017-11-07,保留(附加其他事項說明段)-採用其他會計師查核(核閱)報告且欲區分責任、非重要子公司或採用權益法之投資未經會計師查核或核閱
2017,3,2367,燿華,安侯建業聯合會計師事務所,王清松,陳蓓琪,2017-11-06,保留(附加其他事項說明段)-採用其他會計師查核(核閱)報告且欲區分責任、非重要子公司或採用權益法之投資未經會計師查核或核閱
2017,3,2368,金像電,勤業眾信聯合會計師事務所,姚勝雄,劉江抱,2017-11-10,標準式無保留核閱報告
2017,3,2369,菱生,勤業眾信聯合會計師事務所,吳麗冬,蔣淑菁,2017-11-07,保留式核閱報告-非重要子公司或採用權益法之投資未經會計師查核或核閱
2017,3,2371,大同,安永聯合會計師事務所,林素雯,王瑄瑄,2017-11-14,保留式核閱報告-非重要子公司或採用權益法之投資未經會計師查核或核閱
2017,3,2373,震旦行,勤業眾信聯合會計師事務所,黃海悅,謝建新,2017-11-07,保留式核閱報告-非重要子公司或採用權益法之投資未經會計師查核或核閱
2017,3,2374,佳能,資誠聯合會計師事務所,徐聖忠,曾惠瑾,2017-11-13,保留式核閱報告-非重要子公司或採用權益法之投資未經會計師查核或核閱
2017,3,2375,智寶,勤業眾信聯合會計師事務所,柯志賢,邱盟捷,2017-10-30,保留式核閱報告-非重要子公司或採用權益法之投資未經會計師查核或核閱
2017,3,2376,技嘉,資誠聯合會計師事務所,蕭春鴛,王方瑜,2017-11-14,保留式核閱報告-非重要子公司或採用權益法之投資未經會計師查核或核閱
2017,3,2377,微星科技,資誠聯合會計師事務所,梁華玲,賴宗羲,2017-11-09,保留式核閱報告-非重要子公司或採用權益法之投資未經會計師查核或核閱
2017,3,2379,瑞昱,資誠聯合會計師事務所,薛守宏,李典易,2017-10-30,保留式核閱報告-非重要子公司或採用權益法之投資未經會計師查核或核閱
2017,3,2380,虹光精密,資誠聯合會計師事務所,江采燕,林玉寬,2017-11-10,保留式核閱報告-非重要子公司或採用權益法之投資未經會計師查核或核閱
2017,3,2382,廣達,安侯建業聯合會計師事務所,林琬琬,楊柳鋒,2017-11-14,保留(附加其他事項說明段)-非重要子公司或採用權益法之投資未經會計師查核或核閱
2017,3,2383,台光電子,安侯建業聯合會計師事務所,江忠儀,陳盈如,2017-10-31,標準式無保留核閱報告
2017,3,2385,群光電子,資誠聯合會計師事務所,林鈞堯,翁世榮,2017-11-06,保留(附加其他事項說明段)-欲強調某一事項、非重要子公司或採用權益法之投資未經會計師查核或核閱
2017,3,2387,精元電腦,資誠聯合會計師事務所,王玉娟,徐建業,2017-11-09,保留式核閱報告-非重要子公司或採用權益法之投資未經會計師查核或核閱
2017,3,2388,威盛電子,勤業眾信聯合會計師事務所,劉書琳,徐文亞,2017-11-08,保留(附加其他事項說明段)-非重要子公司或採用權益法之投資未經會計師查核或核閱
2017,3,2390,云辰,勤業眾信聯合會計師事務所,池瑞全,蘇郁琇,2017-11-13,保留式核閱報告-非重要子公司或採用權益法之投資未經會計師查核或核閱
2017,3,2392,正崴,資誠聯合會計師事務所,林瑟凱,周筱姿,2017-11-10,保留(附加其他事項說明段)-採用其他會計師查核(核閱)報告且欲區分責任、非重要子公司或採用權益法之投資未經會計師查核或核閱
2017,3,2393,億光電子,安侯建業聯合會計師事務所,羅瑞蘭,郭冠纓,2017-11-09,保留式核閱報告-非重要子公司或採用權益法之投資未經會計師查核或核閱
2017,3,2395,研華,勤業眾信聯合會計師事務所,邱盟捷,柯志賢,2017-10-31,保留式核閱報告-非重要子公司或採用權益法之投資未經會計師查核或核閱
2017,3,2397,友通資訊,勤業眾信聯合會計師事務所,施景彬,吳恪昌,2017-11-01,保留式核閱報告-非重要子公司或採用權益法之投資未經會計師查核或核閱
2017,3,2399,映泰,勤業眾信聯合會計師事務所,楊清鎮,劉水恩,2017-11-10,保留式核閱報告-非重要子公司或採用權益法之投資未經會計師查核或核閱
2017,3,2401,凌陽科技,勤業眾信聯合會計師事務所,林政治,黃樹傑,2017-11-08,保留式核閱報告-非重要子公司或採用權益法之投資未經會計師查核或核閱
2017,3,2402,毅嘉科技,勤業眾信聯合會計師事務所,林宜慧,陳慧銘,2017-11-10,保留式核閱報告-非重要子公司或採用權益法之投資未經會計師查核或核閱
2017,3,2404,漢唐,安侯建業聯合會計師事務所,方燕玲,李慈慧,2017-11-13,保留式核閱報告-非重要子公司或採用權益法之投資未經會計師查核或核閱
2017,3,2405,浩鑫,勤業眾信聯合會計師事務所,黃瑞展,楊承修,2017-11-08,保留式核閱報告-非重要子公司或採用權益法之投資未經會計師查核或核閱
2017,3,2406,國碩科技,安永聯合會計師事務所,陳智忠,許新民,2017-11-10,保留式核閱報告-非重要子公司或採用權益法之投資未經會計師查核或核閱
2017,3,2408,南亞科,安侯建業聯合會計師事務所,陳秀蘭,寇惠植,2017-11-10,保留式核閱報告-非重要子公司或採用權益法之投資未經會計師查核或核閱
2017,3,2409,友達,安侯建業聯合會計師事務所,魏興海,呂倩慧,2017-10-25,標準式無保留核閱報告
2017,3,2412,中華電,勤業眾信聯合會計師事務所,林鴻鵬,施景彬,2017-11-06,標準式無保留核閱報告
2017,3,2413,環科,安永聯合會計師事務所,陳明宏,涂清淵,2017-11-07,保留式核閱報告-非重要子公司或採用權益法之投資未經會計師查核或核閱
2017,3,2414,精技電腦,安永聯合會計師事務所,邱琬茹,楊智惠,2017-11-10,保留式核閱報告-非重要子公司或採用權益法之投資未經會計師查核或核閱
2017,3,2415,錩新,勤業眾信聯合會計師事務所,黃秀椿,陳俊宏,2017-11-13,保留式核閱報告-非重要子公司或採用權益法之投資未經會計師查核或核閱
2017,3,2417,圓剛,勤業眾信聯合會計師事務所,林文欽,郭俐雯,2017-11-03,保留式核閱報告-非重要子公司或採用權益法之投資未經會計師查核或核閱
2017,3,2419,仲琦,立本台灣聯合會計師事務所,劉克宜,張書成,2017-11-10,修正式無保留核閱報告-採用其他會計師查核(核閱)報告且欲區分責任
2017,3,2420,新巨,安侯建業聯合會計師事務所,林琬琬,楊柳鋒,2017-11-14,保留式核閱報告-非重要子公司或採用權益法之投資未經會計師查核或核閱
2017,3,2421,建準電機,國富浩華聯合會計師事務所,李青霖,蔡淑滿,2017-11-03,保留式核閱報告-非重要子公司或採用權益法之投資未經會計師查核或核閱
2017,3,2423,固緯,安永聯合會計師事務所,蕭翠慧,張志銘,2017-11-07,保留(附加其他事項說明段)-非重要子公司或採用權益法之投資未經會計師查核或核閱
2017,3,2424,隴華電子,資誠聯合會計師事務所,張淑瓊,林鈞堯,2017-11-06,保留式核閱報告-非重要子公司或採用權益法之投資未經會計師查核或核閱
2017,3,2425,承啟,資誠聯合會計師事務所,吳漢期,徐聖忠,2017-11-10,標準式無保留核閱報告
2017,3,2426,鼎元,勤業眾信聯合會計師事務所,蔡美貞,林政治,2017-11-09,保留式核閱報告-非重要子公司或採用權益法之投資未經會計師查核或核閱
2017,3,2427,三商電腦,立本台灣聯合會計師事務所,劉克宜,許坤錫,2017-11-13,保留式核閱報告-非重要子公司或採用權益法之投資未經會計師查核或核閱
2017,3,2428,興勤電子,勤業眾信聯合會計師事務所,龔俊吉,陳珍麗,2017-11-10,標準式無保留核閱報告
2017,3,2429,銘旺科,建智聯合會計師事務所,周芳文,陳宇頌,2017-11-09,標準式無保留核閱報告
2017,3,2430,燦坤實業,資誠聯合會計師事務所,張淑瓊,林鈞堯,2017-11-10,保留式核閱報告-非重要子公司或採用權益法之投資未經會計師查核或核閱
2017,3,2431,聯昌電子,資誠聯合會計師事務所,支秉鈞,吳漢期,2017-11-06,標準式無保留核閱報告
2017,3,2433,互盛電,勤業眾信聯合會計師事務所,黃海悅,謝建新,2017-11-07,標準式無保留核閱報告
2017,3,2434,統懋,勤業眾信聯合會計師事務所,王燕景,廖鴻儒,2017-11-13,標準式無保留核閱報告
2017,3,2436,偉詮電,勤業眾信聯合會計師事務所,陳明煇,葉東煇,2017-11-07,保留式核閱報告-非重要子公司或採用權益法之投資未經會計師查核或核閱
2017,3,2438,翔耀實業,國富浩華聯合會計師事務所,林志隆,邱繼盛,2017-11-09,保留(附加其他事項說明段)-非重要子公司或採用權益法之投資未經會計師查核或核閱
2017,3,2439,美律,資誠聯合會計師事務所,王玉娟,徐建業,2017-10-26,保留式核閱報告-非重要子公司或採用權益法之投資未經會計師查核或核閱
2017,3,2440,太空梭,誠正聯合會計師事務所,林淑玲,陳昭里,2017-11-13,標準式無保留核閱報告
2017,3,2441,超豐電子,勤業眾信聯合會計師事務所,黃裕峰,方蘇立,2017-11-01,標準式無保留核閱報告
2017,3,2442,新美齊,安侯建業聯合會計師事務所,陳秀蘭,陳蓓琪,2017-11-07,標準式無保留核閱報告
2017,3,2443,新利虹,勤業眾信聯合會計師事務所,蔡美貞,林政治,2017-11-13,保留式核閱報告-非重要子公司或採用權益法之投資未經會計師查核或核閱
2017,3,2444,兆勁,勤業眾信聯合會計師事務所,蔡美貞,陳明煇,2017-11-02,標準式無保留核閱報告
2017,3,2448,晶電,資誠聯合會計師事務所,鄭雅慧,謝智政,2017-11-10,保留式核閱報告-非重要子公司或採用權益法之投資未經會計師查核或核閱
2017,3,2449,京元電子,安永聯合會計師事務所,涂嘉玲,郭紹彬,2017-11-03,保留式核閱報告-非重要子公司或採用權益法之投資未經會計師查核或核閱
2017,3,2450,神腦,勤業眾信聯合會計師事務所,張鼎聲,林鴻鵬,2017-11-02,標準式無保留核閱報告
2017,3,2451,創見資訊,資誠聯合會計師事務所,林鈞堯,周建宏,2017-11-09,標準式無保留核閱報告
2017,3,2453,凌群,勤業眾信聯合會計師事務所,戴信維,郭俐雯,2017-11-10,保留式核閱報告-非重要子公司或採用權益法之投資未經會計師查核或核閱
2017,3,2454,聯發科,安永聯合會計師事務所,郭紹彬,傅文芳,2017-10-31,標準式無保留核閱報告
2017,3,2455,全新,資誠聯合會計師事務所,周筱姿,李秀玲,2017-10-31,標準式無保留核閱報告
2017,3,2456,奇力新,勤業眾信聯合會計師事務所,柯志賢,趙永祥,2017-10-22,保留式核閱報告-非重要子公司或採用權益法之投資未經會計師查核或核閱
2017,3,2457,飛宏科技,勤業眾信聯合會計師事務所,黃毅民,吳恪昌,2017-11-10,保留式核閱報告-非重要子公司或採用權益法之投資未經會計師查核或核閱
2017,3,2458,義隆,安侯建業聯合會計師事務所,高渭川 會計師,曾渼鈺 會計師,2017-11-07,保留式核閱報告-非重要子公司或採用權益法之投資未經會計師查核或核閱
2017,3,2459,敦吉,安永聯合會計師事務所,楊智惠,王瑄瑄,2017-11-03,保留式核閱報告-非重要子公司或採用權益法之投資未經會計師查核或核閱
2017,3,2460,建通精密,勤業眾信聯合會計師事務所,陳珍麗,吳秋燕,2017-11-09,標準式無保留核閱報告
2017,3,2461,光群雷射,勤業眾信聯合會計師事務所,余鴻賓,吳恪昌,2017-11-10,保留式核閱報告-非重要子公司或採用權益法之投資未經會計師查核或核閱
2017,3,2462,良得電,資誠聯合會計師事務所,周筱姿,李秀玲,2017-11-08,保留式核閱報告-非重要子公司或採用權益法之投資未經會計師查核或核閱
2017,3,2464,盟立,勤業眾信聯合會計師事務所,蔡美貞,陳明煇,2017-11-10,保留式核閱報告-非重要子公司或採用權益法之投資未經會計師查核或核閱
2017,3,2465,麗臺科技,安侯建業聯合會計師事務所,區耀軍,王怡文,2017-11-10,保留式核閱報告-非重要子公司或採用權益法之投資未經會計師查核或核閱
2017,3,2466,冠西電,勤業眾信聯合會計師事務所,葉淑娟,江明南,2017-11-13,保留(附加其他事項說明段)-採用其他會計師查核(核閱)報告且欲區分責任、非重要子公司或採用權益法之投資未經會計師查核或核閱
2017,3,2467,志聖工業,勤業眾信聯合會計師事務所,林宜慧,李麗凰,2017-11-02,保留式核閱報告-非重要子公司或採用權益法之投資未經會計師查核或核閱
2017,3,2468,華經,勤業眾信聯合會計師事務所,林文欽,郭俐雯,2017-11-06,保留式核閱報告-非重要子公司或採用權益法之投資未經會計師查核或核閱
2017,3,2471,資通,資誠聯合會計師事務所,翁世榮,游淑芬,2017-11-10,保留式核閱報告-非重要子公司或採用權益法之投資未經會計師查核或核閱
2017,3,2472,立隆電子,安永聯合會計師事務所,黃子評,(二余)清淵,2017-11-09,保留式核閱報告-非重要子公司或採用權益法之投資未經會計師查核或核閱
2017,3,2474,可成科技,勤業眾信聯合會計師事務所,李季珍,龔俊吉,2017-11-06,修正式無保留核閱報告-採用其他會計師查核(核閱)報告且欲區分責任
2017,3,2475,華映,安永聯合會計師事務所,張 志 銘,王 瑄 瑄,2017-11-08,保留(附加其他事項說明段)-欲強調某一事項、非重要子公司或採用權益法之投資未經會計師查核或核閱
2017,3,2476,鉅祥,致遠聯合會計師事務所,呂瑞文,曾瑞燕,2017-11-09,保留式核閱報告-非重要子公司或採用權益法之投資未經會計師查核或核閱
2017,3,2477,美隆電,大中國際聯合會計師事務所,張榕枝,林月霞,2017-11-08,保留式核閱報告-非重要子公司或採用權益法之投資未經會計師查核或核閱
2017,3,2478,大毅,致遠聯合會計師事務所,呂瑞文,侯委晉,2017-11-09,保留式核閱報告-非重要子公司或採用權益法之投資未經會計師查核或核閱
2017,3,2480,敦陽科技,安永聯合會計師事務所,黃益輝,鄭清標,2017-11-06,保留式核閱報告-非重要子公司或採用權益法之投資未經會計師查核或核閱
2017,3,2481,強茂,安永聯合會計師事務所,李芳文,林鴻光,2017-11-10,保留式核閱報告-非重要子公司或採用權益法之投資未經會計師查核或核閱
2017,3,2482,連宇,安侯建業聯合會計師事務所,唐慈杰,施威銘,2017-11-09,標準式無保留核閱報告
2017,3,2483,百容,勤業眾信聯合會計師事務所,蔣淑菁,成德潤,2016-11-01,保留式核閱報告-非重要子公司或採用權益法之投資未經會計師查核或核閱
2017,3,2484,希華,安 永 聯 合 會 計 師 事 務 所,陳 明 宏,嚴 文 筆,2017-11-03,保留(附加其他事項說明段)-非重要子公司或採用權益法之投資未經會計師查核或核閱
2017,3,2485,兆赫電子,資誠聯合會計師事務所,葉翠苗,林瑟凱,2017-11-10,保留式核閱報告-非重要子公司或採用權益法之投資未經會計師查核或核閱
2017,3,2486,一詮精密,資誠聯合會計師事務所,阮呂曼玉,李運鞭,2017-11-08,保留式核閱報告-非重要子公司或採用權益法之投資未經會計師查核或核閱
2017,3,2488,漢平,資誠聯合會計師事務所,劉子猛,林姿妤,2017-11-08,保留式核閱報告-非重要子公司或採用權益法之投資未經會計師查核或核閱
2017,3,2489,瑞軒,資誠聯合會計師事務所,徐永堅,徐聖忠,2017-11-13,保留式核閱報告-非重要子公司或採用權益法之投資未經會計師查核或核閱
2017,3,2491,吉祥全,基富聯合會計師事務所,黃世佳,李惠欽,2017-11-10,標準式無保留核閱報告
2017,3,2492,華新科,勤業眾信聯合會計師事務所,邱明玉,吳恪昌,2017-10-30,標準式無保留核閱報告
2017,3,2493,揚博科技,資誠聯合會計師事務所,周筱姿,李秀玲,2017-11-13,標準式無保留核閱報告
2017,3,2495,普安,安侯建業聯合會計師事務所,楊柳鋒,江忠儀,2017-11-10,保留式核閱報告-非重要子公司或採用權益法之投資未經會計師查核或核閱
2017,3,2496,卓越成功,勤業眾信聯合會計師事務所,劉江抱,姚勝雄,2017-11-06,修正式無保留核閱報告-採用其他會計師查核(核閱)報告且欲區分責任
2017,3,2497,怡利電子,安永聯合會計師事務所,嚴文筆,涂清淵,2017-11-08,保留式核閱報告-非重要子公司或採用權益法之投資未經會計師查核或核閱
2017,3,2498,宏達電,勤業眾信聯合會計師事務所,徐文亞,賴冠仲,2017-10-30,標準式無保留核閱報告
2017,3,2499,東貝光電,勤業眾信聯合會計師事務所,林文欽,郭文吉,2017-11-10,保留式核閱報告-非重要子公司或採用權益法之投資未經會計師查核或核閱
2017,3,2501,國建,安永聯合會計師事務所,林麗凰,黃建澤,2017-11-09,標準式無保留核閱報告
2017,3,2504,國產,安永聯合會計師事務所,余倩如,許新民,2017-11-08,保留式核閱報告-非重要子公司或採用權益法之投資未經會計師查核或核閱
2017,3,2505,國揚實業,資信聯合會計師事務所,黃增國,陳榮華,2017-11-06,保留(附加其他事項說明段)-非重要子公司或採用權益法之投資未經會計師查核或核閱
2017,3,2506,太設,安侯建業聯合會計師事務所,賴麗真,張淑瑩,2017-11-06,保留(附加其他事項說明段)-非重要子公司或採用權益法之投資未經會計師查核或核閱
2017,3,2509,全坤建,安侯建業聯合會計師事務所,賴麗真,簡蒂暖,2017-11-08,標準式無保留核閱報告
2017,3,2511,太子,資誠聯合會計師事務所,吳建志,王國華,2017-11-07,保留式核閱報告-非重要子公司或採用權益法之投資未經會計師查核或核閱
2017,3,2514,龍邦國際,安侯建業聯合會計師事務所,張淑瑩,吳美萍,2017-11-09,保留式核閱報告-非重要子公司或採用權益法之投資未經會計師查核或核閱
2017,3,2515,中工,勤業眾信聯合會計師事務所,張敬人,李東峰,2017-11-09,保留式核閱報告-非重要子公司或採用權益法之投資未經會計師查核或核閱
2017,3,2516,新建,安侯建業聯合會計師事務所,陳宗哲,池世欽,2017-11-09,保留式核閱報告-非重要子公司或採用權益法之投資未經會計師查核或核閱
2017,3,2520,冠德,安侯建業聯合會計師事務所,簡蒂暖,張淑瑩,2017-11-10,標準式無保留核閱報告
2017,3,2524,京城,調和聯合會計師事務所,莊淑媛,張瑞玲,2017-11-13,保留式核閱報告-非重要子公司或採用權益法之投資未經會計師查核或核閱
2017,3,2527,宏璟,勤業眾信聯合會計師事務所,黃瑞展,楊承修,2017-11-10,標準式無保留核閱報告
2017,3,2528,皇普建設,建鴻聯合會計師事務所,辜錦章,黃文琪,2017-11-10,標準式無保留核閱報告
2017,3,2530,華建,調和聯合會計師事務所,郭鎮宇,陳光慧,2017-11-09,保留式核閱報告-非重要子公司或採用權益法之投資未經會計師查核或核閱
2017,3,2534,宏盛,惠眾聯合會計師事務所,項文婷,林欣如,2017-11-10,保留式核閱報告-非重要子公司或採用權益法之投資未經會計師查核或核閱
2017,3,2535,達工,勤業眾信聯合會計師事務所,趙永祥,張清福,2017-10-31,保留式核閱報告-非重要子公司或採用權益法之投資未經會計師查核或核閱
2017,3,2536,宏普建設,安侯建業聯合會計師事務所,王清松,林恒昇,2017-11-02,保留式核閱報告-非重要子公司或採用權益法之投資未經會計師查核或核閱
2017,3,2537,聯上開發,安侯建業聯合會計師事務所,賴麗真,張淑瑩,2017-11-14,標準式無保留核閱報告
2017,3,2538,基泰建設,安永聯合會計師事務所,黃建澤,楊智惠,2017-11-09,保留(附加其他事項說明段)-非重要子公司或採用權益法之投資未經會計師查核或核閱
2017,3,2539,櫻花建設,立本台灣聯合會計師事務所,王慕凡,鄧欣珊,2017-11-10,標準式無保留核閱報告
2017,3,2540,愛山林,安侯建業聯合會計師事務所,池世欽,簡蒂暖,2017-11-09,標準式無保留核閱報告
2017,3,2542,興富發,安侯建業聯合會計師事務所,簡蒂暖,曾國禓,2017-11-13,標準式無保留核閱報告
2017,3,2543,皇昌營造,霈昇聯合會計師事務所,吳瑞卿,林育雅,2017-11-10,標準式無保留核閱報告
2017,3,2545,皇翔,安侯建業聯合會計師事務所,簡蒂暖,曾國禓,2017-11-08,標準式無保留核閱報告
2017,3,2546,根基,安侯建業聯合會計師事務所,簡蒂暖,張淑瑩,2017-11-10,標準式無保留核閱報告
2017,3,2547,日勝,勤業眾信聯合會計師事務所,楊清鎮,龔則立,2017-11-10,保留式核閱報告-非重要子公司或採用權益法之投資未經會計師查核或核閱
2017,3,2548,華固建設,資誠聯合會計師事務所,蕭春鴛,王方瑜,2017-11-01,保留式核閱報告-非重要子公司或採用權益法之投資未經會計師查核或核閱
2017,3,2597,潤弘精密,資誠聯合會計師事務所,王照明,張淑瓊,2017-11-10,保留式核閱報告-非重要子公司或採用權益法之投資未經會計師查核或核閱
2017,3,2601,益航,安侯建業聯合會計師事務所,連淑凌,賴麗真,2017-11-13,保留式核閱報告-非重要子公司或採用權益法之投資未經會計師查核或核閱
2017,3,2603,長榮海運,資誠聯合會計師事務所,賴宗羲,支秉鈞,2017-11-13,保留式核閱報告-非重要子公司或採用權益法之投資未經會計師查核或核閱
2017,3,2605,新興,資誠聯合會計師事務所,翁世榮,王輝賢,2017-11-13,標準式無保留核閱報告
2017,3,2606,裕民,勤業眾信聯合會計師事務所,郭俐雯,施景彬,2017-11-07,保留式核閱報告-非重要子公司或採用權益法之投資未經會計師查核或核閱
2017,3,2607,榮運,資誠聯合會計師事務所,賴宗羲,支秉鈞,2017-11-09,保留式核閱報告-非重要子公司或採用權益法之投資未經會計師查核或核閱
2017,3,2608,嘉里大榮,勤業眾信聯合會計師事務所,吳麗冬,徐文亞,2017-11-13,保留式核閱報告-非重要子公司或採用權益法之投資未經會計師查核或核閱
2017,3,2609,陽明海運,勤業眾信聯合會計師事務所,鄭欽宗,洪玉美,2017-11-09,保留式核閱報告-非重要子公司或採用權益法之投資未經會計師查核或核閱
2017,3,2610,華航,勤業眾信聯合會計師事務所,楊承修,陳麗琦,2017-11-05,保留式核閱報告-非重要子公司或採用權益法之投資未經會計師查核或核閱
2017,3,2611,志信,勤業眾信聯合會計師事務所,陳致源,劉水恩,2017-11-13,保留式核閱報告-非重要子公司或採用權益法之投資未經會計師查核或核閱
2017,3,2612,中航,安侯建業聯合會計師事務所,王怡文,羅瑞蘭,2017-11-09,保留式核閱報告-非重要子公司或採用權益法之投資未經會計師查核或核閱
2017,3,2613,中櫃,資誠聯合會計師事務所,徐永堅,徐聖忠,2017-11-07,保留式核閱報告-非重要子公司或採用權益法之投資未經會計師查核或核閱
2017,3,2614,東森,安侯建業聯合會計師事務所,池世欽,連淑凌,2017-11-13,保留式核閱報告-非重要子公司或採用權益法之投資未經會計師查核或核閱
2017,3,2615,萬海,安 侯 建 業 聯 合 會 計 師 事 務 所,陳宜君,江忠儀,2017-11-09,保留式核閱報告-非重要子公司或採用權益法之投資未經會計師查核或核閱
2017,3,2616,山隆通運,安侯建業聯合會計師事務所,羅瑞蘭,王怡文,2017-11-14,保留式核閱報告-非重要子公司或採用權益法之投資未經會計師查核或核閱
2017,3,2617,台航,勤業眾信聯合會計師事務所,翁雅玲,邵志明,2017-11-08,保留式核閱報告-非重要子公司或採用權益法之投資未經會計師查核或核閱
2017,3,2618,長榮航空,安侯建業聯合會計師事務所,陳雅琳,王清松,2017-11-10,保留式核閱報告-非重要子公司或採用權益法之投資未經會計師查核或核閱
2017,3,2630,亞洲航空,安永聯合會計師事務所,林素雯,楊智惠,2017-11-09,標準式無保留核閱報告
2017,3,2633,台灣高鐵,勤業眾信聯合會計師事務所,何瑞軒,賴冠仲,2017-11-07,標準式無保留核閱報告
2017,3,2634,漢翔公司,勤業眾信聯合會計師事務所,吳麗冬,曾棟鋆,2017-11-13,保留式核閱報告-非重要子公司或採用權益法之投資未經會計師查核或核閱
2017,3,2636,台驊投控,安侯建業聯合會計師事務所,陳蓓琪,林恒昇,2017-11-08,保留式核閱報告-非重要子公司或採用權益法之投資未經會計師查核或核閱
2017,3,2637,慧洋-KY,安永聯合會計師事務所,林麗凰,傅文芳,2017-10-27,標準式無保留核閱報告
2017,3,2642,宅配通,資誠聯合會計師事務所,吳郁隆,支秉鈞,2017-11-09,標準式無保留核閱報告
2017,3,2701,萬企,勤業眾信聯合會計師事務所,鄭旭然,黃瑞展,2017-11-07,保留(附加其他事項說明段)-非重要子公司或採用權益法之投資未經會計師查核或核閱
2017,3,2702,華園,資誠聯合會計師事務所,吳建志,廖阿甚,2017-11-07,保留式核閱報告-非重要子公司或採用權益法之投資未經會計師查核或核閱
2017,3,2704,國賓,安永聯合會計師事務所,林麗凰,傅文芳,2017-11-01,保留式核閱報告-非重要子公司或採用權益法之投資未經會計師查核或核閱
2017,3,2705,六福,安侯建業聯合會計師事務所,郭欣頤,寇惠植,2017-11-09,保留式核閱報告-非重要子公司或採用權益法之投資未經會計師查核或核閱
2017,3,2706,第一店,勤業眾信聯合會計師事務所,陳盈州,黃瑞展,2017-11-09,保留式核閱報告-非重要子公司或採用權益法之投資未經會計師查核或核閱
2017,3,2707,晶華酒店,資誠聯合會計師事務所,賴宗羲,張淑瓊,2017-11-14,保留式核閱報告-非重要子公司或採用權益法之投資未經會計師查核或核閱
2017,3,2712,遠雄來,資誠聯合會計師事務所,王方瑜,林瑟凱,2017-11-10,標準式無保留核閱報告
2017,3,2722,夏都,勤業眾信聯合會計師事務所,王燕景,廖鴻儒,2017-11-07,標準式無保留核閱報告
2017,3,2723,美食-KY,勤業眾信聯合會計師事務所,池瑞全,李麗凰,2017-11-09,標準式無保留核閱報告
2017,3,2727,王品,勤業眾信聯合會計師事務所,池瑞全,翁博仁,2017-11-09,標準式無保留核閱報告
2017,3,2731,雄獅旅遊,勤業眾信聯合會計師事務所,劉水恩,龔則立,2017-11-13,保留式核閱報告-非重要子公司或採用權益法之投資未經會計師查核或核閱
2017,3,2739,寒舍餐旅,資誠聯合會計師事務所,王照明,支秉鈞,2017-11-10,標準式無保留核閱報告
2017,3,2748,雲品,勤業眾信聯合會計師事務所,邵志明,郭政弘,2017-11-09,標準式無保留核閱報告
2017,3,2801,彰化銀行,勤業眾信聯合會計師事務所,龔則立,李東峰,2017-11-14,標準式無保留核閱報告
2017,3,2809,京城銀行,安永聯合會計師事務所,胡子仁,張正道,2017-10-30,標準式無保留核閱報告
2017,3,2812,台中銀行,勤業眾信聯合會計師事務所,賴冠仲,徐文亞,2017-11-02,標準式無保留核閱報告
2017,3,2816,旺旺保險,安侯建業聯合會計師事務所,李逢暉,鍾丹丹,2017-10-26,標準式無保留核閱報告
2017,3,2820,華票,勤業眾信聯合會計師事務所,黃瑞展,楊承修,2017-10-24,標準式無保留核閱報告
2017,3,2823,中壽,安永聯合會計師事務所,傅文芳,張正道,2017-11-10,標準式無保留核閱報告
2017,3,2832,台產,勤業眾信聯合會計師事務所,林旺生,楊承修,2017-10-27,標準式無保留核閱報告
2017,3,2834,臺灣企銀,安侯建業聯合會計師事務所,鍾丹丹,李逢暉,2017-10-25,標準式無保留核閱報告
2017,3,2836,高銀,國富浩華聯合會計師事務所,謝   仁   耀,蘇   炳   章,2017-11-09,保留式核閱報告-非重要子公司或採用權益法之投資未經會計師查核或核閱
2017,3,2838,聯邦銀行,勤業眾信聯合會計師事務所,鄭旭然,楊承修,2017-11-08,標準式無保留核閱報告
2017,3,2841,台灣土地,資誠聯合會計師事務所,翁世榮,張淑瓊,2017-11-03,修正式無保留核閱報告-欲強調某一事項
2017,3,2845,遠東商銀,勤業眾信聯合會計師事務所,吳世宗,楊承修,2017-11-03,標準式無保留核閱報告
2017,3,2849,安泰銀行,安侯建業聯合會計師事務所,陳俊光,李逢暉,2017-11-02,標準式無保留核閱報告
2017,3,2850,新產,安 永 聯 合 會 計 師 事 務 所,傅  文  芳,張  正  道,2017-11-08,標準式無保留核閱報告
2017,3,2851,中再保,資誠聯合會計師事務所,陳賢儀,賴宗羲,2017-11-08,標準式無保留核閱報告
2017,3,2852,第一保,勤業眾信聯合會計師事務所,劉   永   富,廖   婉   怡,2017-11-09,標準式無保留核閱報告
2017,3,2855,統一證券,資誠聯合會計師事務所,蕭金木,張明輝,2017-11-06,保留式核閱報告-非重要子公司或採用權益法之投資未經會計師查核或核閱
2017,3,2856,元富證券,安永聯合會計師事務所,黃 建 澤,謝 勝 安,2017-11-14,修正式無保留核閱報告-採用其他會計師查核(核閱)報告且欲區分責任
2017,3,2867,三商美邦,安侯建業聯合會計師事務所,周寶蓮,高渭川,2017-11-09,保留式核閱報告-非重要子公司或採用權益法之投資未經會計師查核或核閱
2017,3,2880,華南金,勤業眾信聯合會計師事務所,吳怡君,賴冠仲,2017-11-27,標準式無保留核閱報告
2017,3,2881,富邦金,安侯建業聯合會計師事務所,鍾丹丹,于紀隆,2017-11-28,標準式無保留核閱報告
2017,3,2882,國泰金,安永聯合會計師事務所,張正道,黃建澤,2017-11-08,標準式無保留核閱報告
2017,3,2883,開發金,勤業眾信聯合會計師事務所,吳美慧,郭政弘,2017-11-27,標準式無保留核閱報告
2017,3,2884,玉山金控,勤業眾信聯合會計師事務所,陳盈州,黃瑞展,2017-11-02,標準式無保留核閱報告
2017,3,2885,元大金,資誠聯合會計師事務所,郭柏如,張明輝,2017-11-27,標準式無保留核閱報告
2017,3,2886,兆豐金,資誠聯合會計師事務所,黃金澤,賴宗羲,2017-11-28,標準式無保留核閱報告
2017,3,2887,台新金控,勤業眾信聯合會計師事務所,龔則立,賴冠仲,2017-11-23,標準式無保留核閱報告
2017,3,2888,新光金,勤業眾信聯合會計師事務所,林旺生,郭政弘,2017-11-24,修正式無保留核閱報告-採用其他會計師查核(核閱)報告且欲區分責任
2017,3,2889,國票金控,資誠聯合會計師事務所,紀淑梅,陳賢儀,2017-11-22,保留式核閱報告-非重要子公司或採用權益法之投資未經會計師查核或核閱
2017,3,2890,永豐金控,勤業眾信聯合會計師事務所,吳怡君,黃樹傑,2017-11-24,標準式無保留核閱報告
2017,3,2891,中信金,安侯建業聯合會計師事務所,陳俊光,吳麟,2017-11-24,修正式無保留核閱報告-欲強調某一事項
2017,3,2892,第一金控,資誠聯合會計師事務所,周建宏,紀淑梅,2017-11-23,標準式無保留核閱報告
2017,3,2897,王道銀行,勤業眾信聯合會計師事務所,楊承修,陳麗琦,2017-10-31,保留式核閱報告-非重要子公司或採用權益法之投資未經會計師查核或核閱
2017,3,2901,欣欣大眾,正風聯合會計師事務所,周銀來,鄭憲修,2017-11-07,標準式無保留核閱報告
2017,3,2903,遠百,勤業眾信聯合會計師事務所,葉淑娟,洪國田,2017-11-13,保留式核閱報告-非重要子公司或採用權益法之投資未經會計師查核或核閱
2017,3,2904,匯僑,資誠聯合會計師事務所,潘慧玲,張淑瓊,2017-11-09,保留式核閱報告-非重要子公司或採用權益法之投資未經會計師查核或核閱
2017,3,2905,三商,立本台灣聯合會計師事務所,劉克宜,許坤錫,2017-11-14,保留式核閱報告-非重要子公司或採用權益法之投資未經會計師查核或核閱
2017,3,2906,高林實,安侯建業聯合會計師事務所,陳雅琳,黃明宏,2017-11-08,保留式核閱報告-非重要子公司或採用權益法之投資未經會計師查核或核閱
2017,3,2908,特力,勤業眾信聯合會計師事務所,洪國田,吳恪昌,2017-11-09,保留式核閱報告-非重要子公司或採用權益法之投資未經會計師查核或核閱
2017,3,2910,統領,勤業眾信聯合會計師事務所,邱政俊,郭慈容,2017-11-03,標準式無保留核閱報告
2017,3,2911,麗嬰房,勤業眾信聯合會計師事務所,葉淑娟,施景彬,2017-11-14,保留式核閱報告-非重要子公司或採用權益法之投資未經會計師查核或核閱
2017,3,2912,統一超,資誠聯合會計師事務所,蕭春鴛,周建宏,2017-11-01,保留式核閱報告-非重要子公司或採用權益法之投資未經會計師查核或核閱
2017,3,2913,台灣農林,安永聯合會計師事務所,蕭翠慧,傅文芳,2017-11-14,保留式核閱報告-非重要子公司或採用權益法之投資未經會計師查核或核閱
2017,3,2915,潤泰全球,勤業眾信聯合會計師事務所,林文欽,戴信維,2017-11-13,保留(附加其他事項說明段)-採用其他會計師查核(核閱)報告且欲區分責任、非重要子公司或採用權益法之投資未經會計師查核或核閱
2017,3,2923,鼎固-KY,勤業眾信聯合會計師事務所,黃瑞展,陳麗琦,2017-11-02,標準式無保留核閱報告
2017,3,2929,淘帝-KY,勤業眾信聯合會計師事務所,江明南,施景彬,2017-11-08,標準式無保留核閱報告
2017,3,2936,客思達-KY,資誠聯合會計師事務所,曾惠瑾,張志安,2017-11-10,標準式無保留核閱報告
2017,3,2939,凱羿-KY,勤業眾信聯合會計師事務所,廖婉怡,謝建新,2017-11-14,標準式無保留核閱報告
2017,3,3002,歐格電子,勤業眾信聯合會計師事務所,何瑞軒,陳招美,2017-11-08,保留式核閱報告-非重要子公司或採用權益法之投資未經會計師查核或核閱
2017,3,3003,健和興,安永聯合會計師事務所,黃子評,?清淵,2017-11-07,保留式核閱報告-非重要子公司或採用權益法之投資未經會計師查核或核閱
2017,3,3004,豐達科技,資 誠 聯 合 會 計 師 事 務 所,薛守宏,鄭雅慧,2017-11-07,標準式無保留核閱報告
2017,3,3005,神基科技,資誠聯合會計師事務所,溫芳郁,鄭雅慧,2017-11-09,保留(附加其他事項說明段)-採用其他會計師查核(核閱)報告且欲區分責任、非重要子公司或採用權益法之投資未經會計師查核或核閱
2017,3,3006,晶豪科技,資誠聯合會計師事務所,鄭雅慧,李典易,2017-11-10,保留式核閱報告-非重要子公司或採用權益法之投資未經會計師查核或核閱
2017,3,3008,大立光,安侯建業聯合會計師事務所,陳君滿,張字信,2017-10-23,保留式核閱報告-非重要子公司或採用權益法之投資未經會計師查核或核閱
2017,3,3010,華立,勤業眾信聯合會計師事務所,陳珍麗,龔俊吉,2017-11-09,保留式核閱報告-非重要子公司或採用權益法之投資未經會計師查核或核閱
2017,3,3011,今皓,勤業眾信聯合會計師事務所,張敬人,李東峰,2017-10-30,保留式核閱報告-非重要子公司或採用權益法之投資未經會計師查核或核閱
2017,3,3013,晟銘電子,安侯建業聯合會計師事務所,顏幸福,郭冠纓,2017-11-08,標準式無保留核閱報告
2017,3,3014,聯陽,安永聯合會計師事務所,邱琬茹,涂嘉玲,2017-11-10,保留式核閱報告-非重要子公司或採用權益法之投資未經會計師查核或核閱
2017,3,3015,全漢,安侯建業聯合會計師事務所,關春修,呂莉莉,2017-11-02,保留式核閱報告-非重要子公司或採用權益法之投資未經會計師查核或核閱
2017,3,3016,嘉晶,資誠聯合會計師事務所,李典易,鄭雅慧,2017-11-02,保留(附加其他事項說明段)-欲強調某一事項、非重要子公司或採用權益法之投資未經會計師查核或核閱
2017,3,3017,奇鋐科技,安永聯合會計師事務所,李芳文,黃世杰,2017-11-08,保留(附加其他事項說明段)-非重要子公司或採用權益法之投資未經會計師查核或核閱
2017,3,3018,同開科技,安永聯合會計師事務所,張正道,林麗凰,2017-11-09,保留式核閱報告-非重要子公司或採用權益法之投資未經會計師查核或核閱
2017,3,3019,亞洲光學,勤業眾信聯合會計師事務所,吳麗冬,蔣淑菁,2017-11-06,保留式核閱報告-非重要子公司或採用權益法之投資未經會計師查核或核閱
2017,3,3021,鴻名企業,安侯建業聯合會計師事務所,顏幸福,羅瑞蘭,2017-11-09,保留式核閱報告-非重要子公司或採用權益法之投資未經會計師查核或核閱
2017,3,3022,威強電,勤業眾信聯合會計師事務所,林淑婉,許秀明,2017-11-03,保留式核閱報告-非重要子公司或採用權益法之投資未經會計師查核或核閱
2017,3,3023,信邦電子,安永聯合會計師事務所,黃子評,林鴻光,2017-10-27,保留式核閱報告-非重要子公司或採用權益法之投資未經會計師查核或核閱
2017,3,3024,憶聲電子,正風聯合會計師事務所,吳欣亮,彭莉真,2017-11-10,保留式核閱報告-非重要子公司或採用權益法之投資未經會計師查核或核閱
2017,3,3025,星通,勤業眾信聯合會計師事務所,林政治,方蘇立,2017-11-09,保留式核閱報告-非重要子公司或採用權益法之投資未經會計師查核或核閱
2017,3,3026,禾伸堂,安 侯 建 業 聯 合 會 計 師 事 務 所,王清松,陳蓓琪,2017-11-08,保留式核閱報告-非重要子公司或採用權益法之投資未經會計師查核或核閱
2017,3,3027,盛達電業,勤業眾信聯合會計師事務所,陳招美,張耿禧,2017-11-13,標準式無保留核閱報告
2017,3,3028,增你強,資誠聯合會計師事務所,林一帆,王輝賢,2017-11-07,保留式核閱報告-非重要子公司或採用權益法之投資未經會計師查核或核閱
2017,3,3029,零壹科技,勤業眾信聯合會計師事務所,林文欽,戴信維,2017-11-01,標準式無保留核閱報告
2017,3,3030,德律科技,資誠聯合會計師事務所,潘慧玲,廖阿甚,2017-11-01,保留式核閱報告-非重要子公司或採用權益法之投資未經會計師查核或核閱
2017,3,3031,佰鴻工業,安 侯 建 業 聯 合 會 計 師 事 務 所,寇惠植,郭欣頤,2017-11-09,保留式核閱報告-非重要子公司或採用權益法之投資未經會計師查核或核閱
2017,3,3032,偉訓科技,勤業眾信聯合會計師事務所,廖鴻儒,王燕景,2017-11-08,保留式核閱報告-非重要子公司或採用權益法之投資未經會計師查核或核閱
2017,3,3033,威健,安侯建業聯合會計師事務所,羅瑞蘭,郭冠纓,2017-11-10,標準式無保留核閱報告
2017,3,3034,聯詠,安永聯合會計師事務所,涂嘉玲,郭紹彬,2017-10-23,保留式核閱報告-非重要子公司或採用權益法之投資未經會計師查核或核閱
2017,3,3035,智原,安永聯合會計師事務所,邱琬茹,郭紹彬,2017-10-23,保留式核閱報告-非重要子公司或採用權益法之投資未經會計師查核或核閱
2017,3,3036,文曄科技,資誠聯合會計師事務所,徐永堅,徐聖忠,2017-11-13,保留式核閱報告-非重要子公司或採用權益法之投資未經會計師查核或核閱
2017,3,3037,欣興電子,資誠聯合會計師事務所,吳漢期,王國華,2017-11-10,保留(附加其他事項說明段)-非重要子公司或採用權益法之投資未經會計師查核或核閱
2017,3,3038,全台,安侯建業聯合會計師事務所,楊博任,陳國宗,2017-11-08,保留(附加其他事項說明段)-非重要子公司或採用權益法之投資未經會計師查核或核閱
2017,3,3040,遠見,勤業眾信聯合會計師事務所,林文欽,劉建良,2017-11-06,保留式核閱報告-非重要子公司或採用權益法之投資未經會計師查核或核閱
2017,3,3041,揚智,勤業眾信聯合會計師事務所,邱盟捷,柯志賢,2017-11-14,標準式無保留核閱報告
2017,3,3042,晶技,勤業眾信聯合會計師事務所,林宜慧,翁博仁,2017-11-06,保留式核閱報告-非重要子公司或採用權益法之投資未經會計師查核或核閱
2017,3,3043,科風,德昌聯合會計師事務所,朱威任,陳文彬,2017-11-14,保留式核閱報告-非重要子公司或採用權益法之投資未經會計師查核或核閱
2017,3,3044,健鼎科技,勤業眾信聯合會計師事務所,陳重成,張耿禧,2017-11-06,標準式無保留核閱報告
2017,3,3045,台灣大,勤業眾信聯合會計師事務所,郭俐雯,賴冠仲,2017-11-03,標準式無保留核閱報告
2017,3,3046,建碁,安侯建業聯合會計師事務所,陳雅琳,張嘉信,2017-11-09,標準式無保留核閱報告
2017,3,3047,訊舟科技,勤業眾信聯合會計師事務所,龔則立,張敬人,2017-11-07,保留式核閱報告-非重要子公司或採用權益法之投資未經會計師查核或核閱
2017,3,3048,益登,勤業眾信聯合會計師事務所,林安惠,柯志賢,2017-11-10,保留式核閱報告-非重要子公司或採用權益法之投資未經會計師查核或核閱
2017,3,3049,和鑫,資誠聯合會計師事務所,陳晉昌,林鈞堯,2017-10-27,標準式無保留核閱報告
2017,3,3050,鈺德科技,安永聯合會計師事務所,洪茂益,張志銘,2017-11-07,保留(附加其他事項說明段)-採用其他會計師查核(核閱)報告且欲區分責任、非重要子公司或採用權益法之投資未經會計師查核或核閱
2017,3,3051,力特光電,正風聯合會計師事務所,賴永吉,彭莉真,2017-11-09,保留(附加其他事項說明段)-欲強調某一事項、非重要子公司或採用權益法之投資未經會計師查核或核閱
2017,3,3052,夆典,資誠聯合會計師事務所,翁世榮,王輝賢,2017-11-10,保留式核閱報告-非重要子公司或採用權益法之投資未經會計師查核或核閱
2017,3,3054,立萬利,資誠聯合會計師事務所,吳郁隆,黃世鈞,2017-11-07,保留式核閱報告-非重要子公司或採用權益法之投資未經會計師查核或核閱
2017,3,3055,蔚華科技,資誠聯合會計師事務所,曾國華,王偉臣,2017-11-08,保留式核閱報告-非重要子公司或採用權益法之投資未經會計師查核或核閱
2017,3,3056,總太地產,勤業眾信聯合會計師事務所,曾棟鋆,蔣淑菁,2017-11-10,保留式核閱報告-非重要子公司或採用權益法之投資未經會計師查核或核閱
2017,3,3057,喬鼎資訊,勤業眾信聯合會計師事務所,葉東煇,陳明煇,2017-11-10,保留式核閱報告-非重要子公司或採用權益法之投資未經會計師查核或核閱
2017,3,3058,立德電子,安侯建業聯合會計師事務所,郭欣頤,黃柏淑,2017-11-13,保留式核閱報告-非重要子公司或採用權益法之投資未經會計師查核或核閱
2017,3,3059,華晶科技,資誠聯合會計師事務所,李典易,林玉寬,2017-11-13,保留式核閱報告-非重要子公司或採用權益法之投資未經會計師查核或核閱
2017,3,3060,銘異,安侯建業聯合會計師事務所,陳振乾,黃泳華,2017-11-13,保留式核閱報告-非重要子公司或採用權益法之投資未經會計師查核或核閱
2017,3,3062,建漢科技,資誠聯合會計師事務所,馮敏娟,吳漢期,2017-11-13,保留式核閱報告-非重要子公司或採用權益法之投資未經會計師查核或核閱
2017,3,3090,日電貿,勤業眾信聯合會計師事務所,葉淑娟,江明南,2017-11-09,保留式核閱報告-非重要子公司或採用權益法之投資未經會計師查核或核閱
2017,3,3094,聯傑國際,資誠聯合會計師事務所,林瑟凱,蕭春鴛,2017-11-09,保留式核閱報告-非重要子公司或採用權益法之投資未經會計師查核或核閱
2017,3,3130,一零四,安侯建業聯合會計師事務所,關春修,呂莉莉,2017-11-09,保留式核閱報告-非重要子公司或採用權益法之投資未經會計師查核或核閱
2017,3,3149,正達國際,安侯建業聯合會計師事務所,池世欽,張淑瑩,2017-11-10,修正式無保留核閱報告-欲強調某一事項
2017,3,3164,景岳生技,資誠聯合會計師事務所,林永智,林姿妤,2017-11-13,標準式無保留核閱報告
2017,3,3167,大量科技,安永聯合會計師事務所,洪茂益,張志銘,2017-09-30,保留式核閱報告-非重要子公司或採用權益法之投資未經會計師查核或核閱
2017,3,3189,景碩科技,安永聯合會計師事務所,黃益輝,張志銘,2017-10-30,保留式核閱報告-非重要子公司或採用權益法之投資未經會計師查核或核閱
2017,3,3209,全科,勤業眾信聯合會計師事務所,蔡振財,鄭欽宗,2017-11-03,保留式核閱報告-非重要子公司或採用權益法之投資未經會計師查核或核閱
2017,3,3229,晟鈦,安侯建業聯合會計師事務所,李枋儀,梅元貞,2017-11-13,保留式核閱報告-非重要子公司或採用權益法之投資未經會計師查核或核閱
2017,3,3231,緯創,安侯建業聯合會計師事務所,呂莉莉,張嘉信,2017-11-10,標準式無保留核閱報告
2017,3,3257,虹冠電,勤業眾信聯合會計師事務所,陳明煇,葉東煇,2017-11-01,保留式核閱報告-非重要子公司或採用權益法之投資未經會計師查核或核閱
2017,3,3266,昇陽建設,安侯建業聯合會計師事務所,簡蒂暖,曾國禓,2017-11-06,標準式無保留核閱報告
2017,3,3296,勝德國際,安侯建業聯合會計師事務所,許育峰,梅元貞,2017-11-06,保留式核閱報告-非重要子公司或採用權益法之投資未經會計師查核或核閱
2017,3,3305,昇貿科技,安侯建業聯合會計師事務所,陳宜君,林琬琬,2017-11-09,保留式核閱報告-非重要子公司或採用權益法之投資未經會計師查核或核閱
2017,3,3308,聯德電子,勤業眾信聯合會計師事務所,韋亮發,黃秀椿,2017-11-13,保留式核閱報告-非重要子公司或採用權益法之投資未經會計師查核或核閱
2017,3,3311,閎暉,勤業眾信聯合會計師事務所,蔡振財,趙永祥,2017-10-26,保留式核閱報告-非重要子公司或採用權益法之投資未經會計師查核或核閱
2017,3,3312,弘憶國際,安 侯 建 業 聯 合 會 計 師 事 務 所,楊樹芝,陳蓓琪,2017-11-09,保留式核閱報告-非重要子公司或採用權益法之投資未經會計師查核或核閱
2017,3,3321,同泰電子,資誠聯合會計師事務所,吳漢期,支秉鈞,2017-11-13,標準式無保留核閱報告
2017,3,3338,泰碩電子,安侯建業聯合會計師事務所,李慈慧,方燕玲,2017-11-08,標準式無保留核閱報告
2017,3,3346,麗清,勤業眾信聯合會計師事務所,許庭禎,楊清鎮,2017-11-06,保留式核閱報告-非重要子公司或採用權益法之投資未經會計師查核或核閱
2017,3,3356,奇偶科技,資誠聯合會計師事務所,徐聖忠,徐永堅,2017-11-09,保留式核閱報告-非重要子公司或採用權益法之投資未經會計師查核或核閱
2017,3,3376,新日興,勤業眾信聯合會計師事務所,蘇郁琇,池瑞全,2017-11-08,保留式核閱報告-非重要子公司或採用權益法之投資未經會計師查核或核閱
2017,3,3380,明泰科技,安侯建業聯合會計師事務所,游萬淵,陳振乾,2017-11-06,保留(附加其他事項說明段)-非重要子公司或採用權益法之投資未經會計師查核或核閱
2017,3,3383,新世紀,南台聯合會計師事務所,丁澤祥,蔡玉琴,2017-11-10,修正式無保留核閱報告-前期由其他會計師查核
2017,3,3406,玉晶光,安永聯合會計師事務所,嚴文筆,涂清淵,2017-11-10,保留式核閱報告-非重要子公司或採用權益法之投資未經會計師查核或核閱
2017,3,3413,京鼎,資誠聯合會計師事務所,徐聖忠,徐永堅,2017-11-09,標準式無保留核閱報告
2017,3,3416,融程電訊,勤業眾信聯合會計師事務所,鄭旭然,黃瑞展,2017-10-31,保留(附加其他事項說明段)-非重要子公司或採用權益法之投資未經會計師查核或核閱
2017,3,3419,譁裕實業,勤業眾信聯合會計師事務所,黃裕峰,林政治,2017-11-13,保留(附加其他事項說明段)-非重要子公司或採用權益法之投資未經會計師查核或核閱
2017,3,3432,台端,勤業眾信聯合會計師事務所,張敬人,龔則立,2017-11-08,標準式無保留核閱報告
2017,3,3437,榮創,資誠聯合會計師事務所,翁世榮,林鈞堯,2017-11-13,保留式核閱報告-非重要子公司或採用權益法之投資未經會計師查核或核閱
2017,3,3443,創意電子,勤業眾信聯合會計師事務所,高逸欣,黃裕峰,2017-11-02,標準式無保留核閱報告
2017,3,3450,聯鈞,勤業眾信聯合會計師事務所,陳重成,謝建新,2017-11-08,保留式核閱報告-非重要子公司或採用權益法之投資未經會計師查核或核閱
2017,3,3454,晶睿,安侯建業聯合會計師事務所,張惠貞,施威銘,2017-11-06,標準式無保留核閱報告
2017,3,3481,群創光電,資誠聯合會計師事務所,吳漢期,徐聖忠,2017-10-27,標準式無保留核閱報告
2017,3,3494,誠研科技,安侯建業聯合會計師事務所,楊樹芝,陳蓓琪,2017-11-09,保留式核閱報告-非重要子公司或採用權益法之投資未經會計師查核或核閱
2017,3,3501,維熹科技,資誠聯合會計師事務所,林瑟凱,張明輝,2017-11-10,保留式核閱報告-非重要子公司或採用權益法之投資未經會計師查核或核閱
2017,3,3504,揚明光學,安永聯合會計師事務所,許新民,陳智忠,2017-10-27,標準式無保留核閱報告
2017,3,3514,昱晶能源,勤業眾信聯合會計師事務所,何瑞軒,虞成全,2017-11-10,保留式核閱報告-非重要子公司或採用權益法之投資未經會計師查核或核閱
2017,3,3515,華擎,安永聯合會計師事務所,楊智惠,蕭翠慧,2017-10-25,保留式核閱報告-非重要子公司或採用權益法之投資未經會計師查核或核閱
2017,3,3518,柏騰科技,勤業眾信聯合會計師事務所,陳慧銘,池瑞全,2017-11-09,保留式核閱報告-非重要子公司或採用權益法之投資未經會計師查核或核閱
2017,3,3519,綠能,安永聯合會計師事務所,曾于哲,劉慧媛,2017-11-10,保留(附加其他事項說明段)-欲強調某一事項、非重要子公司或採用權益法之投資未經會計師查核或核閱
2017,3,3528,安馳科技,勤業眾信聯合會計師事務所,李麗凰,陳慧銘,2017-11-09,標準式無保留核閱報告
2017,3,3532,台勝科,勤業眾信聯合會計師事務所,劉水恩,龔則立,2017-11-13,標準式無保留核閱報告
2017,3,3533,嘉澤端子,安 侯 建 業 聯 合 會 計 師 事 務 所,鍾  丹  丹,陳  富  煒,2017-11-08,標準式無保留核閱報告
2017,3,3535,晶彩科,勤業眾信聯合會計師事務所,林政治,黃裕峰,2017-11-10,保留式核閱報告-非重要子公司或採用權益法之投資未經會計師查核或核閱
2017,3,3536,誠創科技,勤業眾信聯合會計師事務所,洪國田,余鴻賓,2017-11-08,標準式無保留核閱報告
2017,3,3545,敦泰,勤業眾信聯合會計師事務所,許秀明,林淑婉,2017-11-09,保留式核閱報告-非重要子公司或採用權益法之投資未經會計師查核或核閱
2017,3,3550,聯穎,勤業眾信聯合會計師事務所,黃裕峰,陳明煇,2017-11-13,保留式核閱報告-非重要子公司或採用權益法之投資未經會計師查核或核閱
2017,3,3557,嘉威光電,安侯建業聯合會計師事務所,陳國宗,楊博任,2017-11-13,標準式無保留核閱報告
2017,3,3561,昇陽光電,安侯建業聯合會計師事務所,陳振乾,黃泳華,2017-11-10,保留式核閱報告-非重要子公司或採用權益法之投資未經會計師查核或核閱
2017,3,3576,新日光,勤業眾信聯合會計師事務所,林政治,黃樹傑,2017-11-13,保留式核閱報告-非重要子公司或採用權益法之投資未經會計師查核或核閱
2017,3,3579,尚志,安永聯合會計師事務所,曾于哲,劉慧媛,2017-11-08,保留式核閱報告-非重要子公司或採用權益法之投資未經會計師查核或核閱
2017,3,3583,辛耘,勤業眾信聯合會計師事務所,翁雅玲,張鼎聲,2017-11-03,標準式無保留核閱報告
2017,3,3588,通嘉,勤業眾信聯合會計師事務所,黃裕峰,鍾鳴遠,2017-11-10,標準式無保留核閱報告
2017,3,3591,艾笛森,安侯建業聯合會計師事務所,楊樹芝,王清松,2017-11-07,保留式核閱報告-非重要子公司或採用權益法之投資未經會計師查核或核閱
2017,3,3593,力銘,勤業眾信聯合會計師事務所,陳珍麗,吳秋燕,2017-11-09,修正式無保留核閱報告-欲強調某一事項
2017,3,3596,智易科技,安侯建業聯合會計師事務所,郭冠纓,顏幸福,2017-11-08,保留式核閱報告-非重要子公司或採用權益法之投資未經會計師查核或核閱
2017,3,3605,宏致,安侯建業聯合會計師事務所,楊樹芝,陳蓓琪,2017-11-09,保留式核閱報告-非重要子公司或採用權益法之投資未經會計師查核或核閱
2017,3,3607,谷崧,勤業眾信聯合會計師事務所,游素環,翁博仁,2017-11-13,保留式核閱報告-非重要子公司或採用權益法之投資未經會計師查核或核閱
2017,3,3617,碩天科技,勤業眾信聯合會計師事務所,王錦燕,施錦川,2017-11-10,保留式核閱報告-非重要子公司或採用權益法之投資未經會計師查核或核閱
2017,3,3622,洋華,勤業眾信聯合會計師事務所,劉水恩,龔則立,2017-11-09,保留式核閱報告-非重要子公司或採用權益法之投資未經會計師查核或核閱
2017,3,3645,達邁,勤業眾信聯合會計師事務所,黃裕峰,陳明煇,2017-11-08,保留式核閱報告-非重要子公司或採用權益法之投資未經會計師查核或核閱
2017,3,3653,健策,勤業眾信聯合會計師事務所,張敬人,楊清鎮,2017-11-08,標準式無保留核閱報告
2017,3,3661,世芯-KY,勤業眾信聯合會計師事務所,李振銘,黃樹傑,2017-11-03,標準式無保留核閱報告
2017,3,3665,貿聯-KY,勤業眾信聯合會計師事務所,陳重成,虞成全,2017-11-10,標準式無保留核閱報告
2017,3,3669,圓展,勤業眾信聯合會計師事務所,李振銘,范有偉,2017-11-02,標準式無保留核閱報告
2017,3,3673,TPK-KY,勤業眾信聯合會計師事務所,陳俊宏,郭政弘,2017-11-10,標準式無保留核閱報告
2017,3,3679,新至陞,安侯建業聯合會計師事務所,陳振乾,黃泳華,2017-10-30,保留式核閱報告-非重要子公司或採用權益法之投資未經會計師查核或核閱
2017,3,3682,亞太電信,資誠聯合會計師事務所,林鈞堯,黃世鈞,2017-11-08,標準式無保留核閱報告
2017,3,3686,達能,資誠聯合會計師事務所,李秀玲,支秉鈞,2017-11-08,標準式無保留核閱報告
2017,3,3694,海華科技,勤業眾信聯合會計師事務所,劉書琳,施錦川,2017-11-01,保留式核閱報告-非重要子公司或採用權益法之投資未經會計師查核或核閱
2017,3,3698,隆達,安侯建業聯合會計師事務所,吳美萍,黃泳華,2017-11-09,保留式核閱報告-非重要子公司或採用權益法之投資未經會計師查核或核閱
2017,3,3701,大眾投控,勤業眾信聯合會計師事務所,徐文亞,鄭淂蓁,2017-11-08,保留式核閱報告-非重要子公司或採用權益法之投資未經會計師查核或核閱
2017,3,3702,大聯大,資誠聯合會計師事務所,曾惠瑾,林鈞堯,2017-11-14,保留式核閱報告-非重要子公司或採用權益法之投資未經會計師查核或核閱
2017,3,3703,欣陸投控,安侯建業聯合會計師事務所,曾國禓,簡蒂暖,2017-11-10,保留式核閱報告-非重要子公司或採用權益法之投資未經會計師查核或核閱
2017,3,3704,合勤控,安侯建業聯合會計師事務所,鄭安志,張字信,2017-11-09,保留式核閱報告-非重要子公司或採用權益法之投資未經會計師查核或核閱
2017,3,3705,永信,資誠聯合會計師事務所,洪淑華,曾惠瑾,2017-11-10,保留式核閱報告-非重要子公司或採用權益法之投資未經會計師查核或核閱
2017,3,3706,神達,資誠聯合會計師事務所,溫芳郁,鄭雅慧,2017-11-09,保留式核閱報告-非重要子公司或採用權益法之投資未經會計師查核或核閱
2017,3,3708,上緯投控,安侯建業聯合會計師事務所,張字信,郭士華,2017-10-31,保留式核閱報告-其他
2017,3,4104,佳醫,安侯建業聯合會計師事務所,林琬琬,楊柳鋒,2017-11-02,保留(附加其他事項說明段)-前期由其他會計師查核、非重要子公司或採用權益法之投資未經會計師查核或核閱
2017,3,4106,雃博,安侯建業聯合會計師事務所,寇惠植,郭欣頤,2017-11-03,保留式核閱報告-非重要子公司或採用權益法之投資未經會計師查核或核閱
2017,3,4108,懷特,勤業眾信聯合會計師事務所,黃海悅,陳重成,2017-11-09,修正式無保留核閱報告-採用其他會計師查核(核閱)報告且欲區分責任、前期由其他會計師查核
2017,3,4119,旭富製藥,安侯建業聯合會計師事務所,郭冠纓,許淑敏,2017-11-08,標準式無保留核閱報告
2017,3,4133,亞諾法,安侯建業聯合會計師事務所,許淑敏,林琬琬,2017-11-09,標準式無保留核閱報告
2017,3,4137,麗豐-KY,資誠聯合會計師事務所,林鈞堯,張淑瓊,2017-11-09,修正式無保留核閱報告-前期由其他會計師查核
2017,3,4141,龍燈-KY,勤業眾信聯合會計師事務所,陳薔旬,謝建新,2017-11-10,標準式無保留核閱報告
2017,3,4142,國光生技,資誠聯合會計師事務所,楊明經,徐建業,2017-11-13,標準式無保留核閱報告
2017,3,4144,康聯-KY,安永聯合會計師事務所,余倩如,林麗凰,2017-11-13,保留式核閱報告-非重要子公司或採用權益法之投資未經會計師查核或核閱
2017,3,4148,全宇生技-KY,勤業眾信聯合會計師事務所,陳薔旬,虞成全,2017-11-13,標準式無保留核閱報告
2017,3,4155,訊映,資誠聯合會計師事務所,薛守宏,李典易,2017-11-10,保留式核閱報告-非重要子公司或採用權益法之投資未經會計師查核或核閱
2017,3,4164,承業醫,資誠聯合會計師事務所,鄧聖偉,周筱姿,2017-11-13,保留式核閱報告-非重要子公司或採用權益法之投資未經會計師查核或核閱
2017,3,4190,佐登-KY,勤業眾信聯合會計師事務所,邱政俊,郭慈容,2017-11-09,標準式無保留核閱報告
2017,3,4306,炎洲,資誠聯合會計師事務所,林一帆,翁世榮,2017-11-13,保留(附加其他事項說明段)-欲強調某一事項、非重要子公司或採用權益法之投資未經會計師查核或核閱
2017,3,4414,如興,安永聯合會計師事務所,許新民,楊智惠,2017-11-10,保留(附加其他事項說明段)-前期由其他會計師查核、非重要子公司或採用權益法之投資未經會計師查核或核閱
2017,3,4426,利勤實業,安 侯 建 業 聯 合 會 計 師 事 務 所,郭士華,陳君滿,2017-11-07,保留式核閱報告-非重要子公司或採用權益法之投資未經會計師查核或核閱
2017,3,4438,廣越,勤業眾信聯合會計師事務所,林宜慧,陳慧銘,2017-11-08,標準式無保留核閱報告
2017,3,4526,東台,勤業眾信聯合會計師事務所,劉裕祥,郭麗園,2017-11-10,保留式核閱報告-非重要子公司或採用權益法之投資未經會計師查核或核閱
2017,3,4532,瑞智精密,勤業眾信聯合會計師事務所,蔡振財,鄭欽宗,2017-11-13,保留式核閱報告-非重要子公司或採用權益法之投資未經會計師查核或核閱
2017,3,4536,拓凱,勤業眾信聯合會計師事務所,成德潤,顏曉芳,2017-11-10,保留式核閱報告-非重要子公司或採用權益法之投資未經會計師查核或核閱
2017,3,4545,銘鈺,安侯建業聯合會計師事務所,吳美萍,黃泳華,2017-11-09,標準式無保留核閱報告
2017,3,4551,智伸科,勤業眾信聯合會計師事務所,翁博仁,陳慧銘,2017-11-10,標準式無保留核閱報告
2017,3,4552,力達-KY,資誠聯合會計師事務所,陳憲正,蕭金木,2017-11-13,標準式無保留核閱報告
2017,3,4555,台灣氣立,勤業眾信聯合會計師事務所,虞成全,張耿禧,2017-11-13,標準式無保留核閱報告
2017,3,4557,永新-KY,資誠聯合會計師事務所,陳憲正,蕭金木,2017-11-08,標準式無保留核閱報告
2017,3,4560,強信-KY,勤業眾信聯合會計師事務所,劉水恩,楊靜婷,2017-11-08,標準式無保留核閱報告
2017,3,4562,穎漢科技,勤業眾信聯合會計師事務所,楊朝欽,李季珍,2017-11-10,標準式無保留核閱報告
2017,3,4566,時碩工業,勤業眾信聯合會計師事務所,李麗凰,陳慧銘,2017-11-08,標準式無保留核閱報告
2017,3,4720,德淵企業,勤業眾信聯合會計師事務所,韋亮發,邱政俊,2017-11-13,保留式核閱報告-非重要子公司或採用權益法之投資未經會計師查核或核閱
2017,3,4722,國精化學,資誠聯合會計師事務所,林姿妤,劉子猛,2017-11-10,修正式無保留核閱報告-前期由其他會計師查核
2017,3,4725,信昌化,勤業眾信聯合會計師事務所,邵志明,翁雅玲,2017-11-09,標準式無保留核閱報告
2017,3,4737,華廣,安侯建業聯合會計師事務所,張字信,黃海寧,2017-11-06,保留式核閱報告-非重要子公司或採用權益法之投資未經會計師查核或核閱
2017,3,4739,康普材料,勤業眾信聯合會計師事務所,陳錦章,方蘇立,2017-11-03,保留式核閱報告-非重要子公司或採用權益法之投資未經會計師查核或核閱
2017,3,4746,台耀,資誠聯合會計師事務所,鄧聖偉,曾惠瑾,2017-11-09,標準式無保留核閱報告
2017,3,4755,三福化工,勤業眾信聯合會計師事務所,許秀明,林淑婉,2017-11-07,保留(附加其他事項說明段)-非重要子公司或採用權益法之投資未經會計師查核或核閱
2017,3,4763,材料-KY,勤業眾信聯合會計師事務所,李東峰,楊清鎮,2017-11-06,標準式無保留核閱報告
2017,3,4764,雙鍵,勤業眾信聯合會計師事務所,李東峰,張敬人,2017-11-13,標準式無保留核閱報告
2017,3,4807,日成-KY,安侯建業聯合會計師事務所,呂莉莉,關春修,2017-11-10,標準式無保留核閱報告
2017,3,4904,遠傳,勤業眾信聯合會計師事務所,林安惠,郭政弘,2017-10-27,保留式核閱報告-非重要子公司或採用權益法之投資未經會計師查核或核閱
2017,3,4906,正文,勤業眾信聯合會計師事務所,楊清鎮,龔則立,2017-11-08,保留式核閱報告-非重要子公司或採用權益法之投資未經會計師查核或核閱
2017,3,4912,聯德控股-KY,勤業眾信聯合會計師事務所,李麗凰,林宜慧,2017-11-09,標準式無保留核閱報告
2017,3,4915,致伸,安侯建業聯合會計師事務所,吳美萍,黃泳華,2017-11-14,保留式核閱報告-非重要子公司或採用權益法之投資未經會計師查核或核閱
2017,3,4916,事欣科,勤業眾信聯合會計師事務所,范有偉,林文欽,2017-11-10,保留(附加其他事項說明段)-非重要子公司或採用權益法之投資未經會計師查核或核閱、其他
2017,3,4919,新唐科技,勤業眾信聯合會計師事務所,吳恪昌,余鴻賓,2017-10-26,標準式無保留核閱報告
2017,3,4927,泰鼎-KY,安侯建業聯合會計師事務所,趙敏如,陳雅琳,2017-11-13,標準式無保留核閱報告
2017,3,4930,燦星網通,資誠聯合會計師事務所,林鈞堯,張淑瓊,2017-11-08,保留式核閱報告-非重要子公司或採用權益法之投資未經會計師查核或核閱
2017,3,4934,太極能源,勤業眾信聯合會計師事務所,池瑞全,陳慧銘,2017-11-03,保留(附加其他事項說明段)-非重要子公司或採用權益法之投資未經會計師查核或核閱
2017,3,4935,茂林-KY,致遠聯合會計師事務所,曾瑞燕,呂瑞文,2017-11-01,標準式無保留核閱報告
2017,3,4938,和碩,安侯建業聯合會計師事務所,曾國禓,于紀隆,2017-11-09,保留(附加其他事項說明段)-採用其他會計師查核(核閱)報告且欲區分責任、非重要子公司或採用權益法之投資未經會計師查核或核閱
2017,3,4942,嘉彰,勤業眾信聯合會計師事務所,黃堯麟,吳美慧,2017-11-09,保留式核閱報告-非重要子公司或採用權益法之投資未經會計師查核或核閱
2017,3,4943,康控-KY,資誠聯合會計師事務所,林瑟凱,陳憲正,2017-11-09,保留式核閱報告-非重要子公司或採用權益法之投資未經會計師查核或核閱
2017,3,4952,凌通科技,勤業眾信聯合會計師事務所,林政治,方蘇立,2017-10-31,保留式核閱報告-非重要子公司或採用權益法之投資未經會計師查核或核閱
2017,3,4956,光鋐,勤業眾信聯合會計師事務所,李季珍,王燕景,2017-11-03,修正式無保留核閱報告-欲強調某一事項
2017,3,4958,臻鼎-KY,資誠聯合會計師事務所,徐聖忠,張明輝,2017-11-10,標準式無保留核閱報告
2017,3,4960,奇美材料,勤業眾信聯合會計師事務所,陳明煇,黃樹傑,2017-11-02,標準式無保留核閱報告
2017,3,4968,立積,勤業眾信聯合會計師事務所,方蘇立,林政治,2017-11-02,標準式無保留核閱報告
2017,3,4976,佳凌,安侯建業聯合會計師事務所,郭士華 會計師,陳君滿 會計師,2017-11-06,標準式無保留核閱報告
2017,3,4977,眾達-KY,勤業眾信聯合會計師事務所,廖婉怡,何瑞軒,2017-11-07,標準式無保留核閱報告
2017,3,4984,科納-KY,勤業眾信聯合會計師事務所,王儀雯,李振銘,2017-11-10,標準式無保留核閱報告
2017,3,4989,榮科,勤業眾信聯合會計師事務所,劉建良,王儀雯,2017-11-09,標準式無保留核閱報告
2017,3,4994,傳奇,資誠聯合會計師事務所,李秀玲,支秉鈞,2017-11-03,標準式無保留核閱報告
2017,3,4999,鑫禾,安侯建業聯合會計師事務所,郭冠纓,顏幸福,2017-10-26,標準式無保留核閱報告
2017,3,5007,三星科技,安永聯合會計師事務所,李芳文,黃世杰,2017-11-02,標準式無保留核閱報告
2017,3,5203,訊連,資誠聯合會計師事務所,林鈞堯,王照明,2017-10-30,標準式無保留核閱報告
2017,3,5215,科嘉-KY,勤業眾信聯合會計師事務所,廖婉怡,劉永富,2017-11-07,保留式核閱報告-非重要子公司或採用權益法之投資未經會計師查核或核閱
2017,3,5225,東科-KY,勤業眾信聯合會計師事務所,賴冠仲,劉書琳,2017-11-08,修正式無保留核閱報告-欲強調某一事項
2017,3,5234,達興材料,安侯建業聯合會計師事務所,曾渼鈺,黃海寧,2017-11-08,標準式無保留核閱報告
2017,3,5243,乙盛-KY,勤業眾信聯合會計師事務所,吳恪昌,黃毅民,2017-11-08,標準式無保留核閱報告
2017,3,5258,虹堡,資誠聯合會計師事務所,黃世鈞,梁華玲,2017-11-02,標準式無保留核閱報告
2017,3,5259,清惠,誠信聯合會計師事務所,張瀚星,周哲毅,2017-11-08,修正式無保留核閱報告-繼續經營能力存在重大不確定性/繼續經營假設存有重大疑慮
2017,3,5264,鎧勝-KY,安侯建業聯合會計師事務所,王怡文,區耀軍,2017-11-02,標準式無保留核閱報告
2017,3,5269,祥碩科技,資誠聯合會計師事務所,張淑瓊,林鈞堯,2017-11-08,標準式無保留核閱報告
2017,3,5284,jpp-KY,勤業眾信聯合會計師事務所,龔則立,楊清鎮,2017-11-07,標準式無保留核閱報告
2017,3,5285,界霖,安永聯合會計師事務所,李芳文,邱琬茹,2017-11-03,標準式無保留核閱報告
2017,3,5288,豐祥-KY,安永聯合會計師事務所,洪茂益,鄭清標,2017-11-07,保留式核閱報告-非重要子公司或採用權益法之投資未經會計師查核或核閱
2017,3,5305,敦南科技,勤業眾信聯合會計師事務所,鄭欽宗,柯志賢,2017-11-13,保留式核閱報告-非重要子公司或採用權益法之投資未經會計師查核或核閱
2017,3,5388,中磊電子,安永聯合會計師事務所,許新民,林鴻光,2017-11-03,保留式核閱報告-非重要子公司或採用權益法之投資未經會計師查核或核閱
2017,3,5434,崇越科技,安侯建業聯合會計師事務所,區耀軍,郭冠纓,2017-11-03,保留式核閱報告-非重要子公司或採用權益法之投資未經會計師查核或核閱
2017,3,5469,瀚宇博德,勤業眾信聯合會計師事務所,吳恪昌,洪國田,2017-10-30,標準式無保留核閱報告
2017,3,5471,松翰科技,勤業眾信聯合會計師事務所,張敬人,楊靜婷,2017-11-08,保留式核閱報告-非重要子公司或採用權益法之投資未經會計師查核或核閱
2017,3,5484,慧友電子,勤業眾信聯合會計師事務所,余鴻賓,吳恪昌,2017-11-01,標準式無保留核閱報告
2017,3,5515,建國工程,勤業眾信聯合會計師事務所,王儀雯,范有偉,2017-11-09,保留式核閱報告-非重要子公司或採用權益法之投資未經會計師查核或核閱
2017,3,5519,隆大營建,安永聯合會計師事務所,李芳文,林鴻光,2017-11-10,保留式核閱報告-非重要子公司或採用權益法之投資未經會計師查核或核閱
2017,3,5521,工信,資誠聯合會計師事務所,王方瑜,蕭金木,2017-11-13,保留式核閱報告-非重要子公司或採用權益法之投資未經會計師查核或核閱
2017,3,5522,遠雄建設,資誠聯合會計師事務所,林鈞堯,翁世榮,2017-11-14,保留式核閱報告-非重要子公司或採用權益法之投資未經會計師查核或核閱
2017,3,5525,順天建設,建智聯合會計師事務所,廖年傑,黃祥穎,2017-11-09,保留(附加其他事項說明段)-非重要子公司或採用權益法之投資未經會計師查核或核閱
2017,3,5531,鄉林建設,國富浩華聯合會計師事務所,王家祥,黃勝義,2017-11-10,保留式核閱報告-非重要子公司或採用權益法之投資未經會計師查核或核閱
2017,3,5533,皇鼎建設,勤業眾信聯合會計師事務所,池瑞全,林宜慧,2017-11-08,標準式無保留核閱報告
2017,3,5534,長虹,安侯建業聯合會計師事務所,王清松,林恒昇,2017-11-10,保留(附加其他事項說明段)-非重要子公司或採用權益法之投資未經會計師查核或核閱
2017,3,5538,東明-KY,勤業眾信聯合會計師事務所,陳慧銘,翁博仁,2017-11-07,標準式無保留核閱報告
2017,3,5607,遠雄港,資誠聯合會計師事務所,支秉鈞,馮敏娟,2017-11-09,標準式無保留核閱報告
2017,3,5608,四維航業,勤業眾信聯合會計師事務所,許秀明,翁雅玲,2017-11-13,標準式無保留核閱報告
2017,3,5706,鳳凰旅遊,致遠聯合會計師事務所,曾瑞燕,侯委晉,2017-11-03,保留式核閱報告-非重要子公司或採用權益法之投資未經會計師查核或核閱
2017,3,5871,中租-KY,安 侯 建 業 聯 合 會 計 師 事 務 所,江忠儀,陳宜君,2017-11-09,保留式核閱報告-非重要子公司或採用權益法之投資未經會計師查核或核閱
2017,3,5880,合庫金,勤業眾信聯合會計師事務所,陳麗琦,郭政弘,2017-11-27,標準式無保留核閱報告
2017,3,5906,台南-KY,勤業眾信聯合會計師事務所,廖鴻儒,李季珍,2017-11-07,修正式無保留核閱報告-前期由其他會計師查核
2017,3,5907,大洋-KY,安侯建業聯合會計師事務所,連淑凌,賴麗真,2017-11-13,保留式核閱報告-非重要子公司或採用權益法之投資未經會計師查核或核閱
2017,3,6005,群益證,安侯建業聯合會計師事務所,李逢暉,鍾丹丹,2017-11-10,保留式核閱報告-非重要子公司或採用權益法之投資未經會計師查核或核閱
2017,3,6024,群益期,安侯建業聯合會計師事務所,李逢暉,鍾丹丹,2017-11-10,保留式核閱報告-非重要子公司或採用權益法之投資未經會計師查核或核閱
2017,3,6108,競國實業,安侯建業聯合會計師事務所,關春修,呂莉莉,2017-11-13,標準式無保留核閱報告
2017,3,6112,聚碩,安侯建業聯合會計師事務所,黃泳華,林琬琬,2017-11-08,保留式核閱報告-非重要子公司或採用權益法之投資未經會計師查核或核閱
2017,3,6115,鎰勝,安永聯合會計師事務所,蕭翠慧,黃建澤,2017-11-08,保留式核閱報告-非重要子公司或採用權益法之投資未經會計師查核或核閱
2017,3,6116,彩晶,資誠聯合會計師事務所,陳晉昌,林鈞堯,2017-11-01,保留(附加其他事項說明段)-非重要子公司或採用權益法之投資未經會計師查核或核閱
2017,3,6117,迎廣科技,安永聯合會計師事務所,蕭翠慧,林麗凰,2017-11-09,保留式核閱報告-非重要子公司或採用權益法之投資未經會計師查核或核閱
2017,3,6120,達運,安侯建業聯合會計師事務所,張字信,曾渼鈺,2017-10-24,保留式核閱報告-非重要子公司或採用權益法之投資未經會計師查核或核閱
2017,3,6128,上福全球,安 永 聯 合 會 計 師 事 務 所,嚴 文 筆,黃 子 評,2017-11-08,保留式核閱報告-非重要子公司或採用權益法之投資未經會計師查核或核閱
2017,3,6131,悠克國際,眾智聯合會計師事務所,游佩靜,莊雯秋,2017-11-08,保留式核閱報告-非重要子公司或採用權益法之投資未經會計師查核或核閱
2017,3,6133,金橋科技,勤業眾信聯合會計師事務所,翁博仁,林宜慧,2017-11-13,保留式核閱報告-非重要子公司或採用權益法之投資未經會計師查核或核閱
2017,3,6136,富爾特,立本台灣聯合會計事務所,許坤錫,張書成,2017-11-13,保留式核閱報告-非重要子公司或採用權益法之投資未經會計師查核或核閱
2017,3,6139,亞翔工程,資信聯合會計師事務所,陳榮華,蔡中元,2017-11-08,修正式無保留核閱報告-採用其他會計師查核(核閱)報告且欲區分責任
2017,3,6141,柏承科技,資誠聯合會計師事務所,王方瑜,陳憲正,2017-11-09,保留式核閱報告-非重要子公司或採用權益法之投資未經會計師查核或核閱
2017,3,6142,友勁科技,安 侯 建 業 聯 合 會 計 師 事 務 所,區耀軍,王怡文,2017-11-07,保留式核閱報告-非重要子公司或採用權益法之投資未經會計師查核或核閱
2017,3,6145,勁永國際,安侯建業聯合會計師事務所,池世欽,張淑瑩,2017-11-09,保留式核閱報告-非重要子公司或採用權益法之投資未經會計師查核或核閱
2017,3,6152,百一電子,安永聯合會計師事務所,鄭清標,許新民,2017-11-10,保留式核閱報告-非重要子公司或採用權益法之投資未經會計師查核或核閱
2017,3,6153,嘉聯益,勤業眾信聯合會計師事務所,葉東煇,方蘇立,2017-11-08,保留式核閱報告-非重要子公司或採用權益法之投資未經會計師查核或核閱
2017,3,6155,鈞寶,安永聯合會計師事務所,鄭清標,羅筱靖,2017-11-02,保留式核閱報告-非重要子公司或採用權益法之投資未經會計師查核或核閱
2017,3,6164,華興電子,安永聯合會計師事務所,張志銘,徐榮煌,2017-11-02,保留式核閱報告-非重要子公司或採用權益法之投資未經會計師查核或核閱
2017,3,6165,捷泰精密,德　昌　聯　合　會　計　師　事　務　所,陳　裕　勳,李　定　益,2017-11-10,保留式核閱報告-非重要子公司或採用權益法之投資未經會計師查核或核閱
2017,3,6166,凌華科技,勤業眾信聯合會計師事務所,劉建良,林文欽,2017-10-27,保留(附加其他事項說明段)-非重要子公司或採用權益法之投資未經會計師查核或核閱
2017,3,6168,宏齊科技,安永聯合會計師事務所,陳智忠,黃益輝,2016-11-04,保留式核閱報告-非重要子公司或採用權益法之投資未經會計師查核或核閱
2017,3,6172,互億科技,眾智聯合會計師事務所,莊雯秋,王惠民,2017-11-09,標準式無保留核閱報告
2017,3,6176,瑞儀光電,安侯建業聯合會計師事務所,楊博任,陳惠媛,2017-10-26,標準式無保留核閱報告
2017,3,6177,達麗,立本台灣聯合會計師事務所,劉克宜,張書成,2017-11-09,保留(附加其他事項說明段)-非重要子公司或採用權益法之投資未經會計師查核或核閱
2017,3,6183,關貿,安永聯合會計師事務所,謝勝安,林素雯,2017-11-09,修正式無保留核閱報告-前期由其他會計師查核
2017,3,6184,大豐電,資誠聯合會計師事務所,張淑瓊,林鈞堯,2017-11-01,標準式無保留核閱報告
2017,3,6189,豐藝電子,勤業眾信聯合會計師事務所,李麗凰,陳慧銘,2017-11-10,保留式核閱報告-非重要子公司或採用權益法之投資未經會計師查核或核閱
2017,3,6191,精成科技,勤業眾信聯合會計師事務所,吳恪昌,黃毅民,2017-10-30,標準式無保留核閱報告
2017,3,6192,巨路國際,勤業眾信聯合會計師事務所,林文欽,郭俐雯,2017-11-09,標準式無保留核閱報告
2017,3,6196,帆宣科技,資誠聯合會計師事務所,張淑瓊,翁世榮,2017-11-02,保留式核閱報告-非重要子公司或採用權益法之投資未經會計師查核或核閱
2017,3,6197,佳必琪,資誠聯合會計師事務所,徐永堅,徐聖忠,2017-11-10,保留式核閱報告-非重要子公司或採用權益法之投資未經會計師查核或核閱
2017,3,6201,亞弘電,安永聯合會計師事務所,胡子仁,黃世杰,2017-11-03,保留式核閱報告-非重要子公司或採用權益法之投資未經會計師查核或核閱
2017,3,6202,盛群,安侯建業聯合會計師事務所,曾渼鈺,游萬淵,2017-10-30,保留式核閱報告-非重要子公司或採用權益法之投資未經會計師查核或核閱
2017,3,6205,詮欣,資誠聯合會計師事務所,李燕娜,鄭雅慧,2017-11-03,保留式核閱報告-非重要子公司或採用權益法之投資未經會計師查核或核閱
2017,3,6206,飛捷,安侯建業聯合會計師事務所,張惠貞,施威銘,2017-11-08,標準式無保留核閱報告
2017,3,6209,今國光學,勤業眾信聯合會計師事務所,吳麗冬,曾棟鋆,2017-11-09,保留式核閱報告-非重要子公司或採用權益法之投資未經會計師查核或核閱
2017,3,6213,聯茂,勤業眾信聯合會計師事務所,黃瑞展,翁博仁,2017-10-31,保留(附加其他事項說明段)-非重要子公司或採用權益法之投資未經會計師查核或核閱
2017,3,6214,精誠資訊,勤業眾信聯合會計師事務所,林淑婉,許秀明,2017-11-09,保留式核閱報告-非重要子公司或採用權益法之投資未經會計師查核或核閱
2017,3,6215,和椿科技,資誠聯合會計師事務所,游淑芬,王照明,2017-11-07,保留式核閱報告-非重要子公司或採用權益法之投資未經會計師查核或核閱
2017,3,6216,居易,安侯建業聯合會計師事務所,曾渼鈺,黃海寧,2017-11-10,保留式核閱報告-非重要子公司或採用權益法之投資未經會計師查核或核閱
2017,3,6224,聚鼎,資誠聯合會計師事務所,李典易,鄭雅慧,2017-11-09,標準式無保留核閱報告
2017,3,6225,天瀚,德昌聯合會計師事務所,陳文彬,陳裕勳,2017-11-13,修正式無保留核閱報告-繼續經營能力存在重大不確定性/繼續經營假設存有重大疑慮
2017,3,6226,光鼎電子,安侯建業聯合會計師事務所,周寶蓮,謝秋華,2017-11-10,保留式核閱報告-非重要子公司或採用權益法之投資未經會計師查核或核閱
2017,3,6230,超眾,安侯建業聯合會計師事務所,郭欣頤,陳蓓琪,2017-11-08,標準式無保留核閱報告
2017,3,6235,華孚科技,勤業眾信聯合會計師事務所,劉建良,王儀雯,2017-11-08,標準式無保留核閱報告
2017,3,6239,力成,勤業眾信聯合會計師事務所,黃裕峰,方蘇立,2017-11-01,保留(附加其他事項說明段)-非重要子公司或採用權益法之投資未經會計師查核或核閱
2017,3,6243,迅杰,安侯建業聯合會計師事務所,黃海寧,曾渼鈺,2017-11-08,標準式無保留核閱報告
2017,3,6251,定穎電子,安永聯合會計師事務所,鄭清標,洪茂益,2017-10-26,標準式無保留核閱報告
2017,3,6257,矽格,資誠聯合會計師事務所,李典易,曾國華,2017-11-08,保留式核閱報告-非重要子公司或採用權益法之投資未經會計師查核或核閱
2017,3,6269,台郡科技,資誠聯合會計師事務所,廖阿甚,吳建志,2017-11-01,標準式無保留核閱報告
2017,3,6271,同欣電子,安侯建業聯合會計師事務所,王怡文,顏幸福,2017-11-10,標準式無保留核閱報告
2017,3,6277,宏正科,安 侯 建 業 聯 合 會 計 師 事 務 所,吳　　　麟,王勇勝,2017-11-08,保留式核閱報告-非重要子公司或採用權益法之投資未經會計師查核或核閱
2017,3,6278,台表科,資誠聯合會計師事務所,邱昭賢,李秀玲,2017-10-27,標準式無保留核閱報告
2017,3,6281,全國電,安侯建業聯合會計師事務所,施威銘,張惠貞,2017-11-10,標準式無保留核閱報告
2017,3,6282,康舒,安侯建業聯合會計師事務所,顏幸福,郭冠纓,2017-11-13,保留式核閱報告-非重要子公司或採用權益法之投資未經會計師查核或核閱
2017,3,6283,淳安電子,勤業眾信聯合會計師事務所,劉建良,郭文吉,2017-11-08,保留式核閱報告-非重要子公司或採用權益法之投資未經會計師查核或核閱
2017,3,6285,啟碁科技,安侯建業聯合會計師事務所,魏興海,黃海寧,2017-11-08,保留式核閱報告-非重要子公司或採用權益法之投資未經會計師查核或核閱
2017,3,6288,聯嘉光電,勤業眾信聯合會計師事務所,蔡美貞,葉東煇,2017-10-30,保留式核閱報告-非重要子公司或採用權益法之投資未經會計師查核或核閱
2017,3,6289,華上光電,資信聯合會計師事務所,黃增國,陳榮華,2017-11-10,保留(附加其他事項說明段)-欲強調某一事項、非重要子公司或採用權益法之投資未經會計師查核或核閱
2017,3,6405,悅城科技,資誠聯合會計師事務所,蕭金木,黃世鈞,2017-11-06,標準式無保留核閱報告
2017,3,6409,旭隼,勤業眾信聯合會計師事務所,虞成全,陳重成,2017-11-08,標準式無保留核閱報告
2017,3,6412,群光電能,資誠聯合會計師事務所,林鈞堯,翁世榮,2017-10-30,保留式核閱報告-非重要子公司或採用權益法之投資未經會計師查核或核閱
2017,3,6414,樺漢科技,勤業眾信聯合會計師事務所,劉水恩,楊清鎮,2017-11-13,保留式核閱報告-非重要子公司或採用權益法之投資未經會計師查核或核閱
2017,3,6415,矽力-KY,勤業眾信聯合會計師事務所,簡明彥,邱政俊,2017-11-10,標準式無保留核閱報告
2017,3,6416,瑞祺電通,安侯建業聯合會計師事務所,郭欣頤,陳秀蘭,2017-11-23,標準式無保留核閱報告
2017,3,6422,君耀-KY,資誠聯合會計師事務所,吳郁隆,林瑟凱,2017-11-11,標準式無保留核閱報告
2017,3,6431,光麗-KY,勤業眾信聯合會計師事務所,蘇郁琇,池瑞全,2017-11-09,標準式無保留核閱報告
2017,3,6442,光聖,勤業眾信聯合會計師事務所,黃秀椿,韋亮發,2017-11-06,標準式無保留核閱報告
2017,3,6443,元晶,勤業眾信聯合會計師事務所,黃海悅,陳重成,2017-11-13,標準式無保留核閱報告
2017,3,6449,鈺邦科技,安侯建業聯合會計師事務所,游萬淵,呂倩慧,2017-11-02,標準式無保留核閱報告
2017,3,6451,訊芯-KY,安侯建業聯合會計師事務所,關春修,于紀隆,2017-11-08,標準式無保留核閱報告
2017,3,6452,康友-KY,勤業眾信聯合會計師事務所,江明南,施景彬,2017-11-13,標準式無保留核閱報告
2017,3,6456,GIS-KY,資誠聯合會計師事務所,徐永堅,徐聖忠,2017-11-07,標準式無保留核閱報告
2017,3,6464,台數科,勤業眾信聯合會計師事務所,蔣淑菁,曾棟鋆,2017-11-03,保留式核閱報告-非重要子公司或採用權益法之投資未經會計師查核或核閱
2017,3,6477,安集,勤業眾信聯合會計師事務所,廖鴻儒,劉裕祥,2017-11-10,標準式無保留核閱報告
2017,3,6504,南六,揚智聯合會計師事務所,王淑冬,胡湘寧,2017-11-06,標準式無保留核閱報告
2017,3,6505,台塑石化,安永聯合會計師事務所,林麗凰,傅文芳,2017-11-09,保留式核閱報告-非重要子公司或採用權益法之投資未經會計師查核或核閱
2017,3,6525,捷敏-KY,勤業眾信聯合會計師事務所,張耿禧,虞成全,2017-11-07,保留(附加其他事項說明段)-非重要子公司或採用權益法之投資未經會計師查核或核閱
2017,3,6531,愛普,勤業眾信聯合會計師事務所,韋亮發,邱政俊,2017-11-09,標準式無保留核閱報告
2017,3,6533,晶心科,安永聯合會計師事務所,郭  紹  彬,涂  嘉  玲,2017-10-24,標準式無保留核閱報告
2017,3,6541,泰福-KY,資誠聯合會計師事務所,曾惠瑾,鄧聖偉,2017-11-14,標準式無保留核閱報告
2017,3,6552,易華電,勤業眾信聯合會計師事務所,許瑞軒,劉裕祥,2017-11-06,修正式無保留核閱報告-欲強調某一事項
2017,3,6573,虹揚-KY,勤業眾信聯合會計師事務所,邵志明,翁雅玲,2017-11-10,標準式無保留核閱報告
2017,3,6579,研揚科技,資誠聯合會計師事務所,張淑瓊,曾惠瑾,2017-11-02,保留式核閱報告-非重要子公司或採用權益法之投資未經會計師查核或核閱
2017,3,6581,鋼聯,勤業眾信聯合會計師事務所,曾棟鋆,蔣淑菁,2017-10-23,標準式無保留核閱報告
2017,3,6582,申豐,勤業眾信聯合會計師事務所,劉裕祥,郭麗園,2017-11-06,標準式無保留核閱報告
2017,3,6591,動力-KY,勤業眾信聯合會計師事務所,楊承修,鄭旭然,2017-11-13,標準式無保留核閱報告
2017,3,6605,帝寶工業,勤業眾信聯合會計師事務所,吳麗冬,顏曉芳,2017-11-06,保留(附加其他事項說明段)-非重要子公司或採用權益法之投資未經會計師查核或核閱、其他
2017,3,6625,必應,勤業眾信聯合會計師事務所,林淑婉,郭政弘,2017-11-02,標準式無保留核閱報告
2017,3,8011,台通,勤業眾信聯合會計師事務所,陳盈州,楊承修,2017-11-10,標準式無保留核閱報告
2017,3,8016,矽創電子,勤業眾信聯合會計師事務所,林政治,黃裕峰,2017-11-02,保留式核閱報告-非重要子公司或採用權益法之投資未經會計師查核或核閱
2017,3,8021,尖點,勤業眾信聯合會計師事務所,廖婉怡,劉永富,2017-11-06,標準式無保留核閱報告
2017,3,8033,雷虎科技,資誠聯合會計師事務所,王玉娟,徐建業,2017-11-10,保留(附加其他事項說明段)-非重要子公司或採用權益法之投資未經會計師查核或核閱
2017,3,8039,台虹科技,安永聯合會計師事務所,李芳文,陳政初,2017-10-26,保留式核閱報告-非重要子公司或採用權益法之投資未經會計師查核或核閱
2017,3,8046,南電,安侯建業聯合會計師事務所,陳秀蘭,寇惠植,2017-11-10,標準式無保留核閱報告
2017,3,8070,長華電材,勤業眾信聯合會計師事務所,劉裕祥,許瑞軒,2017-11-08,保留(附加其他事項說明段)-欲強調某一事項、非重要子公司或採用權益法之投資未經會計師查核或核閱
2017,3,8072,陞泰,勤業眾信聯合會計師事務所,李振銘,郭文吉,2017-11-08,標準式無保留核閱報告
2017,3,8081,致新,勤業眾信聯合會計師事務所,陳明煇,葉東煇,2017-11-08,保留式核閱報告-非重要子公司或採用權益法之投資未經會計師查核或核閱
2017,3,8101,華冠通訊,資信聯合會計師事務所,黃增國,陳榮華,2017-11-09,保留式核閱報告-非重要子公司或採用權益法之投資未經會計師查核或核閱
2017,3,8103,瀚荃,安侯建業聯合會計師事務所,陳雅琳,王清松,2017-11-07,修正式無保留核閱報告-欲強調某一事項
2017,3,8105,凌巨,安侯建業聯合會計師事務所,江忠儀,李宗霖,2017-11-09,保留式核閱報告-非重要子公司或採用權益法之投資未經會計師查核或核閱
2017,3,8110,華東,勤業眾信聯合會計師事務所,許瑞軒,郭麗園,2017-10-27,保留式核閱報告-非重要子公司或採用權益法之投資未經會計師查核或核閱
2017,3,8112,至上電子,安侯建業聯合會計師事務所,黃泳華,吳美萍,2017-11-10,保留式核閱報告-非重要子公司或採用權益法之投資未經會計師查核或核閱
2017,3,8114,振樺電子,勤業眾信聯合會計師事務所,江明南,葉淑娟,2017-11-07,保留式核閱報告-非重要子公司或採用權益法之投資未經會計師查核或核閱
2017,3,8131,福懋科技,資誠聯合會計師事務所,周建宏,阮呂曼玉,2017-11-09,標準式無保留核閱報告
2017,3,8150,南茂科技,資誠聯合會計師事務所,蕭春鴛,謝智政,2017-11-09,修正式無保留核閱報告-採用其他會計師查核(核閱)報告且欲區分責任
2017,3,8163,達方電子,安侯建業聯合會計師事務所,唐慈杰,施威銘,2017-11-06,保留式核閱報告-非重要子公司或採用權益法之投資未經會計師查核或核閱
2017,3,8201,無敵,安 侯 建 業 聯 合 會 計 師 事 務 所,楊柳鋒,林琬琬,2017-11-13,保留式核閱報告-非重要子公司或採用權益法之投資未經會計師查核或核閱
2017,3,8210,勤誠興業,資誠聯合會計師事務所,曾惠瑾,支秉鈞,2017-11-07,保留式核閱報告-非重要子公司或採用權益法之投資未經會計師查核或核閱
2017,3,8213,志超,安侯建業聯合會計師事務所,陳宜君,江忠儀,2017-11-10,標準式無保留核閱報告
2017,3,8215,明基材料,安侯建業聯合會計師事務所,施威銘,張惠貞,2017-11-06,保留(附加其他事項說明段)-非重要子公司或採用權益法之投資未經會計師查核或核閱
2017,3,8222,寶一科技,勤業眾信聯合會計師事務所,李季珍,楊朝欽,2017-11-06,標準式無保留核閱報告
2017,3,8249,菱光科技,資誠聯合會計師事務所,張淑瓊,曾惠瑾,2017-11-09,標準式無保留核閱報告
2017,3,8261,富鼎,勤業眾信聯合會計師事務所,林文欽,李振銘,2017-11-03,標準式無保留核閱報告
2017,3,8271,宇瞻科技,安侯建業聯合會計師事務所,唐慈杰,陳玫燕,2017-11-09,保留式核閱報告-非重要子公司或採用權益法之投資未經會計師查核或核閱
2017,3,8341,日友,資誠聯合會計師事務所,李秀玲,翁世榮,2017-11-10,標準式無保留核閱報告
2017,3,8374,羅昇,安侯建業聯合會計師事務所,施威銘,高靚玟,2017-11-09,標準式無保留核閱報告
2017,3,8404,百和興業-KY,勤業眾信聯合會計師事務所,蔣淑菁,顏曉芳,2017-11-07,保留式核閱報告-非重要子公司或採用權益法之投資未經會計師查核或核閱
2017,3,8411,福貞-KY,安侯建業聯合會計師事務所,余聖河,黃泳華,2017-10-28,標準式無保留核閱報告
2017,3,8422,可寧衛,勤業眾信聯合會計師事務所,鄭淂蓁,施錦川,2017-11-10,標準式無保留核閱報告
2017,3,8427,基勝-KY,勤業眾信聯合會計師事務所,林宜慧,李麗凰,2017-11-09,標準式無保留核閱報告
2017,3,8429,金麗-KY,資誠聯合會計師事務所,蕭金木,陳憲正,2017-11-07,標準式無保留核閱報告
2017,3,8442,威宏-KY,安侯建業聯合會計師事務所,李禾方儀,陳雅琳,2017-11-13,標準式無保留核閱報告
2017,3,8443,阿瘦,資誠聯合會計師事務所,王方瑜,吳郁隆,2017-11-07,標準式無保留核閱報告
2017,3,8454,富邦媒,勤業眾信聯合會計師事務所,郭俐雯,林文欽,2017-10-31,標準式無保留核閱報告
2017,3,8463,潤泰精材,資誠聯合會計師事務所,王照明,張淑瓊,2017-11-10,標準式無保留核閱報告
2017,3,8464,億豐,安永聯合會計師事務所,涂清淵,黃子評,2017-11-06,標準式無保留核閱報告
2017,3,8466,美吉吉-KY,勤業眾信聯合會計師事務所,虞成全,張耿禧,2017-10-31,標準式無保留核閱報告
2017,3,8467,波力-KY,安永聯合會計師事務所,黃子評,林鴻光,2017-11-06,保留式核閱報告-非重要子公司或採用權益法之投資未經會計師查核或核閱
2017,3,8473,山林水,安 侯 建 業 聯 合 會 計 師 事 務 所,張淑瑩,曾國禓,2017-11-13,保留式核閱報告-非重要子公司或採用權益法之投資未經會計師查核或核閱
2017,3,8478,東哥遊艇,安永聯合會計師事務所,陳政初,李芳文,2017-11-08,標準式無保留核閱報告
2017,3,8480,泰昇-KY,勤業眾信聯合會計師事務所,林宜慧,蘇郁琇,2017-11-10,標準式無保留核閱報告
2017,3,8481,政伸,安侯建業聯合會計師事務所,陳君滿,張字信,2017-11-10,標準式無保留核閱報告
2017,3,8488,吉源-KY,資誠聯合會計師事務所,葉翠苗,吳郁隆,2017-11-06,標準式無保留核閱報告
2017,3,8497,聯廣,勤業眾信聯合會計師事務所,郭文吉,王儀雯,2017-11-10,修正式無保留核閱報告-欲強調某一事項
2017,3,8499,鼎炫-KY,勤業眾信聯合會計師事務所,翁博仁,林宜慧,2017-11-10,標準式無保留核閱報告
2017,3,8926,台汽電,勤業眾信聯合會計師事務所,何瑞軒,謝建新,2017-11-10,修正式無保留核閱報告-欲強調某一事項
2017,3,8940,新天地,勤業眾信聯合會計師事務所,吳麗冬,成德潤,2016-11-07,標準式無保留核閱報告
2017,3,8996,高力,勤業眾信聯合會計師事務所,蘇郁琇,林宜慧,2017-11-03,保留式核閱報告-非重要子公司或採用權益法之投資未經會計師查核或核閱
2017,3,9802,鈺齊-KY,資誠聯合會計師事務所,洪淑華,王玉娟,2017-11-08,標準式無保留核閱報告
2017,3,9902,台火,大中國際聯合會計師事務所,林寬照,徐靖賢,2017-11-08,保留式核閱報告-非重要子公司或採用權益法之投資未經會計師查核或核閱
2017,3,9904,寶成工業,勤業眾信聯合會計師事務所,吳恪昌,余鴻賓,2017-11-14,修正式無保留核閱報告-採用其他會計師查核(核閱)報告且欲區分責任
2017,3,9905,大華金,勤業眾信聯合會計師事務所,張清福,柯志賢,2017-11-07,保留式核閱報告-非重要子公司或採用權益法之投資未經會計師查核或核閱
2017,3,9906,欣巴巴,勤業眾信聯合會計師事務所,江佳玲,陳珍麗,2017-11-06,標準式無保留核閱報告
2017,3,9907,統一實業,資誠聯合會計師事務所,林姿妤,李明憲,2017-11-07,保留式核閱報告-非重要子公司或採用權益法之投資未經會計師查核或核閱
2017,3,9908,大台北,勤業眾信聯合會計師事務所,游素環,翁博仁,2017-11-09,標準式無保留核閱報告
2017,3,9910,豐泰企業,安侯建業聯合會計師事務所,陳盈如,林琬琬,2017-11-13,保留式核閱報告-非重要子公司或採用權益法之投資未經會計師查核或核閱
2017,3,9911,台灣櫻花,安永聯合會計師事務所,涂清淵,嚴文筆,2017-11-07,保留式核閱報告-非重要子公司或採用權益法之投資未經會計師查核或核閱
2017,3,9912,偉聯,安侯建業聯合會計師事務所,郭冠纓,羅瑞蘭,2017-11-08,保留式核閱報告-非重要子公司或採用權益法之投資未經會計師查核或核閱
2017,3,9914,美利達,勤業眾信聯合會計師事務所,蔣淑菁,吳麗冬,2017-11-10,保留式核閱報告-非重要子公司或採用權益法之投資未經會計師查核或核閱
2017,3,9917,中保,安永聯合會計師事務所,余倩如,許新民,2017-11-13,保留式核閱報告-非重要子公司或採用權益法之投資未經會計師查核或核閱
2017,3,9918,欣天然,立本台灣聯合會計師事務所,柯俊輝,陳玉芳,2017-11-10,標準式無保留核閱報告
2017,3,9919,康那香,資誠聯合會計師事務所,潘慧玲,支秉鈞,2017-11-13,保留式核閱報告-非重要子公司或採用權益法之投資未經會計師查核或核閱
2017,3,9921,巨大機械,勤業眾信聯合會計師事務所,顏曉芳,吳麗冬,2017-11-10,保留式核閱報告-非重要子公司或採用權益法之投資未經會計師查核或核閱
2017,3,9924,台灣福興,資誠聯合會計師事務所,王國華,廖阿甚,2017-11-01,保留式核閱報告-非重要子公司或採用權益法之投資未經會計師查核或核閱
2017,3,9925,新光保全,勤業眾信聯合會計師事務所,翁博仁,陳慧銘,2017-11-10,標準式無保留核閱報告
2017,3,9926,新海瓦斯,勤業眾信聯合會計師事務所,游素環,翁博仁,2017-11-09,標準式無保留核閱報告
2017,3,9927,泰銘,勤業眾信聯合會計師事務所,吳秋燕,江佳玲,2017-11-10,標準式無保留核閱報告
2017,3,9928,中視,安侯建業聯合會計師事務所,曾國禓,賴麗真,2017-11-09,保留式核閱報告-非重要子公司或採用權益法之投資未經會計師查核或核閱
2017,3,9929,秋雨,資誠聯合會計師事務所,翁世榮,潘慧玲,2017-11-10,標準式無保留核閱報告
2017,3,9930,中聯資源,勤業眾信聯合會計師事務所,郭麗園,許瑞軒,2017-11-10,標準式無保留核閱報告
2017,3,9931,欣高,正風聯合會計師事務所,賴永吉,曾國富,2017-11-06,保留式核閱報告-非重要子公司或採用權益法之投資未經會計師查核或核閱
2017,3,9933,中鼎工程,資誠聯合會計師事務所,張淑瓊,翁世榮,2017-11-02,保留式核閱報告-非重要子公司或採用權益法之投資未經會計師查核或核閱
2017,3,9934,成霖企業,安永聯合會計師事務所,黃子評,林鴻光,2017-11-03,保留式核閱報告-非重要子公司或採用權益法之投資未經會計師查核或核閱
2017,3,9935,慶豐富,安侯建業聯合會計師事務所,呂 觀 文,寇 惠 植,2017-11-08,保留式核閱報告-非重要子公司或採用權益法之投資未經會計師查核或核閱
2017,3,9937,全國,安 永 聯 合 會 計 師 事 務 所,林 麗 凰,徐 榮 煌,2017-11-03,保留式核閱報告-非重要子公司或採用權益法之投資未經會計師查核或核閱
2017,3,9938,台灣百和,勤業眾信聯合會計師事務所,蔣淑菁,顏曉芳,2017-11-07,保留式核閱報告-非重要子公司或採用權益法之投資未經會計師查核或核閱
2017,3,9939,宏全,勤業眾信聯合會計師事務所,曾棟鋆,成德潤,2017-11-10,保留式核閱報告-非重要子公司或採用權益法之投資未經會計師查核或核閱
2017,3,9940,信義房屋,勤業眾信聯合會計師事務所,徐文亞,賴冠仲,2017-10-27,保留式核閱報告-非重要子公司或採用權益法之投資未經會計師查核或核閱
2017,3,9941,裕融企業,勤業眾信聯合會計師事務所,戴信維,范有偉,2017-11-06,保留式核閱報告-非重要子公司或採用權益法之投資未經會計師查核或核閱
2017,3,9942,茂順,資誠聯合會計師事務所,徐建業,王玉娟,2017-11-10,保留式核閱報告-非重要子公司或採用權益法之投資未經會計師查核或核閱
2017,3,9943,好樂迪,勤業眾信聯合會計師事務所,張敬人,李東峰,2017-11-08,保留式核閱報告-非重要子公司或採用權益法之投資未經會計師查核或核閱
2017,3,9944,新麗企業,國富浩華聯合會計師事務所,邵朝彬,楊貞瑜,2017-11-10,保留(附加其他事項說明段)-採用其他會計師查核(核閱)報告且欲區分責任、非重要子公司或採用權益法之投資未經會計師查核或核閱
2017,3,9945,潤泰創新,資誠聯合會計師事務所,張淑瓊,王照明,2017-11-13,保留(附加其他事項說明段)-採用其他會計師查核(核閱)報告且欲區分責任、非重要子公司或採用權益法之投資未經會計師查核或核閱
2017,3,9946,三發地產,安侯建業聯合會計師事務所,陳宗哲,張淑瑩,2017-11-08,保留式核閱報告-非重要子公司或採用權益法之投資未經會計師查核或核閱
2017,3,9955,佳龍,安永聯合會計師事務所,洪茂益,黃益輝,2017-11-07,保留式核閱報告-非重要子公司或採用權益法之投資未經會計師查核或核閱
2017,3,9958,世紀鋼構,勤業眾信聯合會計師事務所,葉東煇,陳明煇,2017-11-10,標準式無保留核閱報告
